ID,PRODUCT,MSRP,QUANTITYORDERED,TARGETSALES
0,Motorcycles,95,30,2850
1,Motorcycles,95,34,3230
2,Motorcycles,95,41,3895
3,Motorcycles,95,45,4275
4,Motorcycles,95,49,4655
5,Motorcycles,95,36,3420
6,Motorcycles,95,29,2755
7,Motorcycles,95,48,4560
8,Motorcycles,95,22,2090
9,Motorcycles,95,41,3895
10,Motorcycles,95,37,3515
11,Motorcycles,95,23,2185
12,Motorcycles,95,28,2660
13,Motorcycles,95,34,3230
14,Motorcycles,95,45,4275
15,Motorcycles,95,36,3420
16,Motorcycles,95,23,2185
17,Motorcycles,95,41,3895
18,Motorcycles,95,46,4370
19,Motorcycles,95,42,3990
20,Motorcycles,95,41,3895
21,Motorcycles,95,20,1900
22,Motorcycles,95,21,1995
23,Motorcycles,95,42,3990
24,Motorcycles,95,24,2280
25,Motorcycles,95,66,6270
26,Classic Cars,214,26,5564
27,Classic Cars,214,29,6206
28,Classic Cars,214,38,8132
29,Classic Cars,214,37,7918
30,Classic Cars,214,45,9630
31,Classic Cars,214,21,4494
32,Classic Cars,214,34,7276
33,Classic Cars,214,23,4922
34,Classic Cars,214,42,8988
35,Classic Cars,214,47,10058
36,Classic Cars,214,35,7490
37,Classic Cars,214,29,6206
38,Classic Cars,214,34,7276
39,Classic Cars,214,32,6848
40,Classic Cars,214,21,4494
41,Classic Cars,214,34,7276
42,Classic Cars,214,37,7918
43,Classic Cars,214,47,10058
44,Classic Cars,214,48,10272
45,Classic Cars,214,40,8560
46,Classic Cars,214,26,5564
47,Classic Cars,214,30,6420
48,Classic Cars,214,32,6848
49,Classic Cars,214,41,8774
50,Classic Cars,214,36,7704
51,Classic Cars,214,24,5136
52,Classic Cars,214,23,4922
53,Classic Cars,214,50,10700
54,Motorcycles,118,39,4602
55,Motorcycles,118,29,3422
56,Motorcycles,118,27,3186
57,Motorcycles,118,37,4366
58,Motorcycles,118,37,4366
59,Motorcycles,118,27,3186
60,Motorcycles,118,42,4956
61,Motorcycles,118,38,4484
62,Motorcycles,118,24,2832
63,Motorcycles,118,23,2714
64,Motorcycles,118,47,5546
65,Motorcycles,118,22,2596
66,Motorcycles,118,44,5192
67,Motorcycles,118,40,4720
68,Motorcycles,118,22,2596
69,Motorcycles,118,47,5546
70,Motorcycles,118,39,4602
71,Motorcycles,118,34,4012
72,Motorcycles,118,45,5310
73,Motorcycles,118,20,2360
74,Motorcycles,118,40,4720
75,Motorcycles,118,26,3068
76,Motorcycles,118,39,4602
77,Motorcycles,118,50,5900
78,Motorcycles,118,45,5310
79,Motorcycles,118,45,5310
80,Motorcycles,193,27,5211
81,Motorcycles,193,46,8878
82,Motorcycles,193,31,5983
83,Motorcycles,193,33,6369
84,Motorcycles,193,22,4246
85,Motorcycles,193,20,3860
86,Motorcycles,193,41,7913
87,Motorcycles,193,45,8685
88,Motorcycles,193,49,9457
89,Motorcycles,193,34,6562
90,Motorcycles,193,49,9457
91,Motorcycles,193,39,7527
92,Motorcycles,193,43,8299
93,Motorcycles,193,41,7913
94,Motorcycles,193,36,6948
95,Motorcycles,193,27,5211
96,Motorcycles,193,29,5597
97,Motorcycles,193,20,3860
98,Motorcycles,193,37,7141
99,Motorcycles,193,26,5018
100,Motorcycles,193,39,7527
101,Motorcycles,193,22,4246
102,Motorcycles,193,22,4246
103,Motorcycles,193,21,4053
104,Motorcycles,193,66,12738
105,Motorcycles,193,56,10808
106,Classic Cars,136,50,6800
107,Classic Cars,136,46,6256
108,Classic Cars,136,33,4488
109,Classic Cars,136,49,6664
110,Classic Cars,136,32,4352
111,Classic Cars,136,44,5984
112,Classic Cars,136,24,3264
113,Classic Cars,136,26,3536
114,Classic Cars,136,45,6120
115,Classic Cars,136,39,5304
116,Classic Cars,136,49,6664
117,Classic Cars,136,20,2720
118,Classic Cars,136,27,3672
119,Classic Cars,136,30,4080
120,Classic Cars,136,25,3400
121,Classic Cars,136,24,3264
122,Classic Cars,136,22,2992
123,Classic Cars,136,33,4488
124,Classic Cars,136,47,6392
125,Classic Cars,136,25,3400
126,Classic Cars,136,26,3536
127,Classic Cars,136,48,6528
128,Classic Cars,136,39,5304
129,Classic Cars,136,34,4624
130,Classic Cars,136,32,4352
131,Classic Cars,136,64,8704
132,Classic Cars,136,19,2584
133,Classic Cars,147,42,6174
134,Classic Cars,147,31,4557
135,Classic Cars,147,22,3234
136,Classic Cars,147,26,3822
137,Classic Cars,147,20,2940
138,Classic Cars,147,21,3087
139,Classic Cars,147,33,4851
140,Classic Cars,147,28,4116
141,Classic Cars,147,26,3822
142,Classic Cars,147,31,4557
143,Classic Cars,147,48,7056
144,Classic Cars,147,50,7350
145,Classic Cars,147,28,4116
146,Classic Cars,147,26,3822
147,Classic Cars,147,32,4704
148,Classic Cars,147,44,6468
149,Classic Cars,147,30,4410
150,Classic Cars,147,38,5586
151,Classic Cars,147,40,5880
152,Classic Cars,147,46,6762
153,Classic Cars,147,26,3822
154,Classic Cars,147,27,3969
155,Classic Cars,147,43,6321
156,Classic Cars,147,35,5145
157,Classic Cars,147,37,5439
158,Classic Cars,147,37,5439
159,Classic Cars,147,27,3969
160,Classic Cars,147,38,5586
161,Classic Cars,194,33,6402
162,Classic Cars,194,42,8148
163,Classic Cars,194,42,8148
164,Classic Cars,194,48,9312
165,Classic Cars,194,41,7954
166,Classic Cars,194,30,5820
167,Classic Cars,194,27,5238
168,Classic Cars,194,21,4074
169,Classic Cars,194,20,3880
170,Classic Cars,194,41,7954
171,Classic Cars,194,27,5238
172,Classic Cars,194,28,5432
173,Classic Cars,194,24,4656
174,Classic Cars,194,44,8536
175,Classic Cars,194,50,9700
176,Classic Cars,194,21,4074
177,Classic Cars,194,33,6402
178,Classic Cars,194,33,6402
179,Classic Cars,194,31,6014
180,Classic Cars,194,41,7954
181,Classic Cars,194,45,8730
182,Classic Cars,194,33,6402
183,Classic Cars,194,45,8730
184,Classic Cars,194,26,5044
185,Classic Cars,194,12,2328
186,Classic Cars,207,41,8487
187,Classic Cars,207,33,6831
188,Classic Cars,207,46,9522
189,Classic Cars,207,33,6831
190,Classic Cars,207,20,4140
191,Classic Cars,207,44,9108
192,Classic Cars,207,33,6831
193,Classic Cars,207,21,4347
194,Classic Cars,207,47,9729
195,Classic Cars,207,46,9522
196,Classic Cars,207,32,6624
197,Classic Cars,207,42,8694
198,Classic Cars,207,44,9108
199,Classic Cars,207,35,7245
200,Classic Cars,207,41,8487
201,Classic Cars,207,46,9522
202,Classic Cars,207,31,6417
203,Classic Cars,207,38,7866
204,Classic Cars,207,42,8694
205,Classic Cars,207,33,6831
206,Classic Cars,207,48,9936
207,Classic Cars,207,42,8694
208,Classic Cars,207,32,6624
209,Classic Cars,207,34,7038
210,Classic Cars,207,33,6831
211,Classic Cars,207,36,7452
212,Trucks and Buses,136,27,3672
213,Trucks and Buses,136,21,2856
214,Trucks and Buses,136,21,2856
215,Trucks and Buses,136,38,5168
216,Trucks and Buses,136,30,4080
217,Trucks and Buses,136,49,6664
218,Trucks and Buses,136,43,5848
219,Trucks and Buses,136,41,5576
220,Trucks and Buses,136,38,5168
221,Trucks and Buses,136,28,3808
222,Trucks and Buses,136,43,5848
223,Trucks and Buses,136,25,3400
224,Trucks and Buses,136,38,5168
225,Trucks and Buses,136,41,5576
226,Trucks and Buses,136,28,3808
227,Trucks and Buses,136,25,3400
228,Trucks and Buses,136,41,5576
229,Trucks and Buses,136,39,5304
230,Trucks and Buses,136,21,2856
231,Trucks and Buses,136,27,3672
232,Trucks and Buses,136,33,4488
233,Trucks and Buses,136,29,3944
234,Trucks and Buses,136,49,6664
235,Trucks and Buses,136,49,6664
236,Trucks and Buses,136,20,2720
237,Trucks and Buses,136,39,5304
238,Trucks and Buses,136,40,5440
239,Trucks and Buses,136,49,6664
240,Motorcycles,150,21,3150
241,Motorcycles,150,50,7500
242,Motorcycles,150,20,3000
243,Motorcycles,150,49,7350
244,Motorcycles,150,38,5700
245,Motorcycles,150,35,5250
246,Motorcycles,150,40,6000
247,Motorcycles,150,28,4200
248,Motorcycles,150,25,3750
249,Motorcycles,150,36,5400
250,Motorcycles,150,43,6450
251,Motorcycles,150,32,4800
252,Motorcycles,150,46,6900
253,Motorcycles,150,48,7200
254,Motorcycles,150,43,6450
255,Motorcycles,150,49,7350
256,Motorcycles,150,24,3600
257,Motorcycles,150,26,3900
258,Motorcycles,150,30,4500
259,Motorcycles,150,24,3600
260,Motorcycles,150,55,8250
261,Motorcycles,150,22,3300
262,Motorcycles,150,49,7350
263,Motorcycles,150,44,6600
264,Motorcycles,150,66,9900
265,Motorcycles,150,21,3150
266,Classic Cars,151,34,5134
267,Classic Cars,151,43,6493
268,Classic Cars,151,46,6946
269,Classic Cars,151,33,4983
270,Classic Cars,151,42,6342
271,Classic Cars,151,34,5134
272,Classic Cars,151,47,7097
273,Classic Cars,151,33,4983
274,Classic Cars,151,24,3624
275,Classic Cars,151,26,3926
276,Classic Cars,151,30,4530
277,Classic Cars,151,43,6493
278,Classic Cars,151,25,3775
279,Classic Cars,151,27,4077
280,Classic Cars,151,27,4077
281,Classic Cars,151,24,3624
282,Classic Cars,151,34,5134
283,Classic Cars,151,46,6946
284,Classic Cars,151,27,4077
285,Classic Cars,151,33,4983
286,Classic Cars,151,47,7097
287,Classic Cars,151,49,7399
288,Classic Cars,151,40,6040
289,Classic Cars,151,37,5587
290,Classic Cars,151,47,7097
291,Classic Cars,117,45,5265
292,Classic Cars,117,37,4329
293,Classic Cars,117,48,5616
294,Classic Cars,117,31,3627
295,Classic Cars,117,46,5382
296,Classic Cars,117,47,5499
297,Classic Cars,117,28,3276
298,Classic Cars,117,40,4680
299,Classic Cars,117,20,2340
300,Classic Cars,117,39,4563
301,Classic Cars,117,25,2925
302,Classic Cars,117,29,3393
303,Classic Cars,117,22,2574
304,Classic Cars,117,22,2574
305,Classic Cars,117,47,5499
306,Classic Cars,117,45,5265
307,Classic Cars,117,29,3393
308,Classic Cars,117,24,2808
309,Classic Cars,117,35,4095
310,Classic Cars,117,46,5382
311,Classic Cars,117,44,5148
312,Classic Cars,117,34,3978
313,Classic Cars,117,35,4095
314,Classic Cars,117,25,2925
315,Classic Cars,117,10,1170
316,Classic Cars,173,29,5017
317,Classic Cars,173,39,6747
318,Classic Cars,173,42,7266
319,Classic Cars,173,46,7958
320,Classic Cars,173,49,8477
321,Classic Cars,173,27,4671
322,Classic Cars,173,50,8650
323,Classic Cars,173,43,7439
324,Classic Cars,173,38,6574
325,Classic Cars,173,20,3460
326,Classic Cars,173,27,4671
327,Classic Cars,173,49,8477
328,Classic Cars,173,27,4671
329,Classic Cars,173,39,6747
330,Classic Cars,173,24,4152
331,Classic Cars,173,45,7785
332,Classic Cars,173,20,3460
333,Classic Cars,173,36,6228
334,Classic Cars,173,24,4152
335,Classic Cars,173,49,8477
336,Classic Cars,173,26,4498
337,Classic Cars,173,49,8477
338,Classic Cars,173,34,5882
339,Classic Cars,173,34,5882
340,Classic Cars,173,33,5709
341,Classic Cars,173,22,3806
342,Classic Cars,79,39,3081
343,Classic Cars,79,32,2528
344,Classic Cars,79,24,1896
345,Classic Cars,79,21,1659
346,Classic Cars,79,24,1896
347,Classic Cars,79,36,2844
348,Classic Cars,79,20,1580
349,Classic Cars,79,30,2370
350,Classic Cars,79,44,3476
351,Classic Cars,79,28,2212
352,Classic Cars,79,37,2923
353,Classic Cars,79,20,1580
354,Classic Cars,79,25,1975
355,Classic Cars,79,35,2765
356,Classic Cars,79,38,3002
357,Classic Cars,79,41,3239
358,Classic Cars,79,22,1738
359,Classic Cars,79,49,3871
360,Classic Cars,79,38,3002
361,Classic Cars,79,33,2607
362,Classic Cars,79,36,2844
363,Classic Cars,79,34,2686
364,Classic Cars,79,24,1896
365,Classic Cars,79,36,2844
366,Classic Cars,79,34,2686
367,Trucks and Buses,118,41,4838
368,Trucks and Buses,118,46,5428
369,Trucks and Buses,118,24,2832
370,Trucks and Buses,118,21,2478
371,Trucks and Buses,118,24,2832
372,Trucks and Buses,118,48,5664
373,Trucks and Buses,118,26,3068
374,Trucks and Buses,118,37,4366
375,Trucks and Buses,118,49,5782
376,Trucks and Buses,118,34,4012
377,Trucks and Buses,118,48,5664
378,Trucks and Buses,118,36,4248
379,Trucks and Buses,118,46,5428
380,Trucks and Buses,118,46,5428
381,Trucks and Buses,118,31,3658
382,Trucks and Buses,118,41,4838
383,Trucks and Buses,118,21,2478
384,Trucks and Buses,118,38,4484
385,Trucks and Buses,118,45,5310
386,Trucks and Buses,118,26,3068
387,Trucks and Buses,118,38,4484
388,Trucks and Buses,118,48,5664
389,Trucks and Buses,118,42,4956
390,Trucks and Buses,118,49,5782
391,Trucks and Buses,118,32,3776
392,Trucks and Buses,118,54,6372
393,Trucks and Buses,118,33,3894
394,Classic Cars,115,36,4140
395,Classic Cars,115,20,2300
396,Classic Cars,115,29,3335
397,Classic Cars,115,33,3795
398,Classic Cars,115,50,5750
399,Classic Cars,115,41,4715
400,Classic Cars,115,36,4140
401,Classic Cars,115,27,3105
402,Classic Cars,115,47,5405
403,Classic Cars,115,33,3795
404,Classic Cars,115,21,2415
405,Classic Cars,115,21,2415
406,Classic Cars,115,41,4715
407,Classic Cars,115,40,4600
408,Classic Cars,115,28,3220
409,Classic Cars,115,23,2645
410,Classic Cars,115,23,2645
411,Classic Cars,115,25,2875
412,Classic Cars,115,24,2760
413,Classic Cars,115,39,4485
414,Classic Cars,115,55,6325
415,Classic Cars,115,46,5290
416,Classic Cars,115,50,5750
417,Classic Cars,115,47,5405
418,Classic Cars,115,97,11155
419,Classic Cars,115,32,3680
420,Trucks and Buses,116,35,4060
421,Trucks and Buses,116,49,5684
422,Trucks and Buses,116,38,4408
423,Trucks and Buses,116,32,3712
424,Trucks and Buses,116,34,3944
425,Trucks and Buses,116,36,4176
426,Trucks and Buses,116,48,5568
427,Trucks and Buses,116,21,2436
428,Trucks and Buses,116,21,2436
429,Trucks and Buses,116,34,3944
430,Trucks and Buses,116,46,5336
431,Trucks and Buses,116,32,3712
432,Trucks and Buses,116,29,3364
433,Trucks and Buses,116,41,4756
434,Trucks and Buses,116,43,4988
435,Trucks and Buses,116,24,2784
436,Trucks and Buses,116,41,4756
437,Trucks and Buses,116,46,5336
438,Trucks and Buses,116,32,3712
439,Trucks and Buses,116,22,2552
440,Trucks and Buses,116,29,3364
441,Trucks and Buses,116,42,4872
442,Trucks and Buses,116,39,4524
443,Trucks and Buses,116,27,3132
444,Trucks and Buses,116,48,5568
445,Trucks and Buses,116,29,3364
446,Trucks and Buses,116,27,3132
447,Trucks and Buses,116,54,6264
448,Classic Cars,141,26,3666
449,Classic Cars,141,34,4794
450,Classic Cars,141,25,3525
451,Classic Cars,141,23,3243
452,Classic Cars,141,28,3948
453,Classic Cars,141,35,4935
454,Classic Cars,141,44,6204
455,Classic Cars,141,22,3102
456,Classic Cars,141,42,5922
457,Classic Cars,141,29,4089
458,Classic Cars,141,32,4512
459,Classic Cars,141,41,5781
460,Classic Cars,141,26,3666
461,Classic Cars,141,21,2961
462,Classic Cars,141,34,4794
463,Classic Cars,141,41,5781
464,Classic Cars,141,37,5217
465,Classic Cars,141,37,5217
466,Classic Cars,141,41,5781
467,Classic Cars,141,46,6486
468,Classic Cars,141,40,5640
469,Classic Cars,141,43,6063
470,Classic Cars,141,30,4230
471,Classic Cars,141,35,4935
472,Classic Cars,141,36,5076
473,Classic Cars,141,61,8601
474,Classic Cars,141,38,5358
475,Vintage Cars,102,39,3978
476,Vintage Cars,102,33,3366
477,Vintage Cars,102,32,3264
478,Vintage Cars,102,31,3162
479,Vintage Cars,102,50,5100
480,Vintage Cars,102,48,4896
481,Vintage Cars,102,43,4386
482,Vintage Cars,102,25,2550
483,Vintage Cars,102,28,2856
484,Vintage Cars,102,36,3672
485,Vintage Cars,102,27,2754
486,Vintage Cars,102,25,2550
487,Vintage Cars,102,40,4080
488,Vintage Cars,102,34,3468
489,Vintage Cars,102,50,5100
490,Vintage Cars,102,38,3876
491,Vintage Cars,102,37,3774
492,Vintage Cars,102,43,4386
493,Vintage Cars,102,43,4386
494,Vintage Cars,102,46,4692
495,Vintage Cars,102,42,4284
496,Vintage Cars,102,50,5100
497,Vintage Cars,102,44,4488
498,Vintage Cars,102,27,2754
499,Vintage Cars,102,35,3570
500,Vintage Cars,102,51,5202
501,Vintage Cars,53,41,2173
502,Vintage Cars,53,48,2544
503,Vintage Cars,53,42,2226
504,Vintage Cars,53,49,2597
505,Vintage Cars,53,30,1590
506,Vintage Cars,53,45,2385
507,Vintage Cars,53,48,2544
508,Vintage Cars,53,32,1696
509,Vintage Cars,53,46,2438
510,Vintage Cars,53,48,2544
511,Vintage Cars,53,33,1749
512,Vintage Cars,53,31,1643
513,Vintage Cars,53,20,1060
514,Vintage Cars,53,29,1537
515,Vintage Cars,53,27,1431
516,Vintage Cars,53,24,1272
517,Vintage Cars,53,37,1961
518,Vintage Cars,53,25,1325
519,Vintage Cars,53,41,2173
520,Vintage Cars,53,27,1431
521,Vintage Cars,53,21,1113
522,Vintage Cars,53,22,1166
523,Vintage Cars,53,32,1696
524,Vintage Cars,53,25,1325
525,Vintage Cars,53,42,2226
526,Vintage Cars,53,25,1325
527,Classic Cars,124,37,4588
528,Classic Cars,124,26,3224
529,Classic Cars,124,44,5456
530,Classic Cars,124,47,5828
531,Classic Cars,124,43,5332
532,Classic Cars,124,42,5208
533,Classic Cars,124,42,5208
534,Classic Cars,124,29,3596
535,Classic Cars,124,40,4960
536,Classic Cars,124,38,4712
537,Classic Cars,124,38,4712
538,Classic Cars,124,21,2604
539,Classic Cars,124,24,2976
540,Classic Cars,124,36,4464
541,Classic Cars,124,23,2852
542,Classic Cars,124,20,2480
543,Classic Cars,124,32,3968
544,Classic Cars,124,29,3596
545,Classic Cars,124,44,5456
546,Classic Cars,124,44,5456
547,Classic Cars,124,36,4464
548,Classic Cars,124,49,6076
549,Classic Cars,124,34,4216
550,Classic Cars,124,59,7316
551,Classic Cars,124,37,4588
552,Planes,157,36,5652
553,Planes,157,43,6751
554,Planes,157,21,3297
555,Planes,157,32,5024
556,Planes,157,38,5966
557,Planes,157,43,6751
558,Planes,157,42,6594
559,Planes,157,32,5024
560,Planes,157,42,6594
561,Planes,157,31,4867
562,Planes,157,49,7693
563,Planes,157,45,7065
564,Planes,157,49,7693
565,Planes,157,41,6437
566,Planes,157,45,7065
567,Planes,157,36,5652
568,Planes,157,39,6123
569,Planes,157,27,4239
570,Planes,157,25,3925
571,Planes,157,41,6437
572,Planes,157,39,6123
573,Planes,157,28,4396
574,Planes,157,25,3925
575,Planes,157,33,5181
576,Planes,157,34,5338
577,Planes,157,24,3768
578,Vintage Cars,170,30,5100
579,Vintage Cars,170,42,7140
580,Vintage Cars,170,21,3570
581,Vintage Cars,170,34,5780
582,Vintage Cars,170,29,4930
583,Vintage Cars,170,24,4080
584,Vintage Cars,170,44,7480
585,Vintage Cars,170,21,3570
586,Vintage Cars,170,33,5610
587,Vintage Cars,170,30,5100
588,Vintage Cars,170,26,4420
589,Vintage Cars,170,41,6970
590,Vintage Cars,170,26,4420
591,Vintage Cars,170,32,5440
592,Vintage Cars,170,43,7310
593,Vintage Cars,170,48,8160
594,Vintage Cars,170,44,7480
595,Vintage Cars,170,45,7650
596,Vintage Cars,170,37,6290
597,Vintage Cars,170,39,6630
598,Vintage Cars,170,76,12920
599,Vintage Cars,170,37,6290
600,Classic Cars,77,38,2926
601,Classic Cars,77,43,3311
602,Classic Cars,77,48,3696
603,Classic Cars,77,26,2002
604,Classic Cars,77,38,2926
605,Classic Cars,77,20,1540
606,Classic Cars,77,22,1694
607,Classic Cars,77,45,3465
608,Classic Cars,77,45,3465
609,Classic Cars,77,20,1540
610,Classic Cars,77,47,3619
611,Classic Cars,77,46,3542
612,Classic Cars,77,23,1771
613,Classic Cars,77,33,2541
614,Classic Cars,77,29,2233
615,Classic Cars,77,44,3388
616,Classic Cars,77,41,3157
617,Classic Cars,77,20,1540
618,Classic Cars,77,37,2849
619,Classic Cars,77,29,2233
620,Classic Cars,77,55,4235
621,Classic Cars,77,22,1694
622,Classic Cars,77,31,2387
623,Classic Cars,77,49,3773
624,Classic Cars,77,61,4697
625,Classic Cars,77,39,3003
626,Classic Cars,142,38,5396
627,Classic Cars,142,31,4402
628,Classic Cars,142,36,5112
629,Classic Cars,142,25,3550
630,Classic Cars,142,48,6816
631,Classic Cars,142,35,4970
632,Classic Cars,142,21,2982
633,Classic Cars,142,47,6674
634,Classic Cars,142,38,5396
635,Classic Cars,142,41,5822
636,Classic Cars,142,24,3408
637,Classic Cars,142,37,5254
638,Classic Cars,142,33,4686
639,Classic Cars,142,49,6958
640,Classic Cars,142,29,4118
641,Classic Cars,142,24,3408
642,Classic Cars,142,47,6674
643,Classic Cars,142,24,3408
644,Classic Cars,142,25,3550
645,Classic Cars,142,30,4260
646,Classic Cars,142,22,3124
647,Classic Cars,142,27,3834
648,Classic Cars,142,34,4828
649,Classic Cars,142,36,5112
650,Classic Cars,142,34,4828
651,Classic Cars,142,48,6816
652,Classic Cars,142,34,4828
653,Classic Cars,163,24,3912
654,Classic Cars,163,46,7498
655,Classic Cars,163,45,7335
656,Classic Cars,163,39,6357
657,Classic Cars,163,43,7009
658,Classic Cars,163,29,4727
659,Classic Cars,163,20,3260
660,Classic Cars,163,46,7498
661,Classic Cars,163,27,4401
662,Classic Cars,163,44,7172
663,Classic Cars,163,43,7009
664,Classic Cars,163,49,7987
665,Classic Cars,163,40,6520
666,Classic Cars,163,30,4890
667,Classic Cars,163,50,8150
668,Classic Cars,163,23,3749
669,Classic Cars,163,26,4238
670,Classic Cars,163,27,4401
671,Classic Cars,163,42,6846
672,Classic Cars,163,47,7661
673,Classic Cars,163,49,7987
674,Classic Cars,163,38,6194
675,Classic Cars,163,20,3260
676,Classic Cars,163,25,4075
677,Classic Cars,163,25,4075
678,Classic Cars,163,41,6683
679,Classic Cars,163,28,4564
680,Vintage Cars,60,50,3000
681,Vintage Cars,60,32,1920
682,Vintage Cars,60,42,2520
683,Vintage Cars,60,24,1440
684,Vintage Cars,60,27,1620
685,Vintage Cars,60,26,1560
686,Vintage Cars,60,38,2280
687,Vintage Cars,60,42,2520
688,Vintage Cars,60,23,1380
689,Vintage Cars,60,21,1260
690,Vintage Cars,60,28,1680
691,Vintage Cars,60,33,1980
692,Vintage Cars,60,25,1500
693,Vintage Cars,60,28,1680
694,Vintage Cars,60,46,2760
695,Vintage Cars,60,30,1800
696,Vintage Cars,60,38,2280
697,Vintage Cars,60,40,2400
698,Vintage Cars,60,45,2700
699,Vintage Cars,60,27,1620
700,Vintage Cars,60,42,2520
701,Vintage Cars,60,36,2160
702,Trucks and Buses,122,29,3538
703,Trucks and Buses,122,39,4758
704,Trucks and Buses,122,45,5490
705,Trucks and Buses,122,47,5734
706,Trucks and Buses,122,49,5978
707,Trucks and Buses,122,46,5612
708,Trucks and Buses,122,48,5856
709,Trucks and Buses,122,46,5612
710,Trucks and Buses,122,35,4270
711,Trucks and Buses,122,43,5246
712,Trucks and Buses,122,26,3172
713,Trucks and Buses,122,22,2684
714,Trucks and Buses,122,34,4148
715,Trucks and Buses,122,50,6100
716,Trucks and Buses,122,48,5856
717,Trucks and Buses,122,41,5002
718,Trucks and Buses,122,36,4392
719,Trucks and Buses,122,29,3538
720,Trucks and Buses,122,33,4026
721,Trucks and Buses,122,46,5612
722,Trucks and Buses,122,38,4636
723,Trucks and Buses,122,20,2440
724,Trucks and Buses,122,22,2684
725,Trucks and Buses,122,27,3294
726,Trucks and Buses,122,56,6832
727,Trucks and Buses,122,38,4636
728,Vintage Cars,127,25,3175
729,Vintage Cars,127,33,4191
730,Vintage Cars,127,42,5334
731,Vintage Cars,127,33,4191
732,Vintage Cars,127,38,4826
733,Vintage Cars,127,31,3937
734,Vintage Cars,127,20,2540
735,Vintage Cars,127,44,5588
736,Vintage Cars,127,26,3302
737,Vintage Cars,127,27,3429
738,Vintage Cars,127,46,5842
739,Vintage Cars,127,47,5969
740,Vintage Cars,127,37,4699
741,Vintage Cars,127,31,3937
742,Vintage Cars,127,24,3048
743,Vintage Cars,127,31,3937
744,Vintage Cars,127,50,6350
745,Vintage Cars,127,35,4445
746,Vintage Cars,127,30,3810
747,Vintage Cars,127,29,3683
748,Vintage Cars,127,27,3429
749,Vintage Cars,127,40,5080
750,Vintage Cars,127,31,3937
751,Vintage Cars,127,6,762
752,Vintage Cars,127,45,5715
753,Trucks and Buses,60,22,1320
754,Trucks and Buses,60,45,2700
755,Trucks and Buses,60,43,2580
756,Trucks and Buses,60,46,2760
757,Trucks and Buses,60,39,2340
758,Trucks and Buses,60,31,1860
759,Trucks and Buses,60,41,2460
760,Trucks and Buses,60,44,2640
761,Trucks and Buses,60,45,2700
762,Trucks and Buses,60,37,2220
763,Trucks and Buses,60,35,2100
764,Trucks and Buses,60,28,1680
765,Trucks and Buses,60,30,1800
766,Trucks and Buses,60,30,1800
767,Trucks and Buses,60,25,1500
768,Trucks and Buses,60,29,1740
769,Trucks and Buses,60,26,1560
770,Trucks and Buses,60,41,2460
771,Trucks and Buses,60,34,2040
772,Trucks and Buses,60,35,2100
773,Trucks and Buses,60,34,2040
774,Trucks and Buses,60,50,3000
775,Trucks and Buses,60,41,2460
776,Trucks and Buses,60,22,1320
777,Trucks and Buses,60,35,2100
778,Trucks and Buses,60,44,2640
779,Trucks and Buses,60,47,2820
780,Trucks and Buses,60,19,1140
781,Planes,84,34,2856
782,Planes,84,29,2436
783,Planes,84,49,4116
784,Planes,84,30,2520
785,Planes,84,21,1764
786,Planes,84,50,4200
787,Planes,84,47,3948
788,Planes,84,24,2016
789,Planes,84,27,2268
790,Planes,84,33,2772
791,Planes,84,35,2940
792,Planes,84,31,2604
793,Planes,84,25,2100
794,Planes,84,27,2268
795,Planes,84,31,2604
796,Planes,84,45,3780
797,Planes,84,27,2268
798,Planes,84,27,2268
799,Planes,84,42,3528
800,Planes,84,21,1764
801,Planes,84,34,2856
802,Planes,84,42,3528
803,Planes,84,15,1260
804,Motorcycles,60,29,1740
805,Motorcycles,60,46,2760
806,Motorcycles,60,30,1800
807,Motorcycles,60,30,1800
808,Motorcycles,60,42,2520
809,Motorcycles,60,46,2760
810,Motorcycles,60,25,1500
811,Motorcycles,60,32,1920
812,Motorcycles,60,30,1800
813,Motorcycles,60,40,2400
814,Motorcycles,60,28,1680
815,Motorcycles,60,23,1380
816,Motorcycles,60,29,1740
817,Motorcycles,60,34,2040
818,Motorcycles,60,37,2220
819,Motorcycles,60,20,1200
820,Motorcycles,60,32,1920
821,Motorcycles,60,34,2040
822,Motorcycles,60,42,2520
823,Motorcycles,60,38,2280
824,Motorcycles,60,30,1800
825,Motorcycles,60,23,1380
826,Motorcycles,60,22,1320
827,Motorcycles,60,39,2340
828,Motorcycles,60,55,3300
829,Motorcycles,60,36,2160
830,Vintage Cars,168,26,4368
831,Vintage Cars,168,31,5208
832,Vintage Cars,168,34,5712
833,Vintage Cars,168,41,6888
834,Vintage Cars,168,23,3864
835,Vintage Cars,168,48,8064
836,Vintage Cars,168,22,3696
837,Vintage Cars,168,21,3528
838,Vintage Cars,168,22,3696
839,Vintage Cars,168,40,6720
840,Vintage Cars,168,50,8400
841,Vintage Cars,168,29,4872
842,Vintage Cars,168,43,7224
843,Vintage Cars,168,24,4032
844,Vintage Cars,168,22,3696
845,Vintage Cars,168,43,7224
846,Vintage Cars,168,20,3360
847,Vintage Cars,168,25,4200
848,Vintage Cars,168,36,6048
849,Vintage Cars,168,24,4032
850,Vintage Cars,168,21,3528
851,Vintage Cars,168,30,5040
852,Vintage Cars,168,32,5376
853,Vintage Cars,168,21,3528
854,Vintage Cars,168,26,4368
855,Vintage Cars,168,35,5880
856,Classic Cars,132,26,3432
857,Classic Cars,132,46,6072
858,Classic Cars,132,37,4884
859,Classic Cars,132,27,3564
860,Classic Cars,132,23,3036
861,Classic Cars,132,39,5148
862,Classic Cars,132,27,3564
863,Classic Cars,132,38,5016
864,Classic Cars,132,27,3564
865,Classic Cars,132,40,5280
866,Classic Cars,132,24,3168
867,Classic Cars,132,44,5808
868,Classic Cars,132,37,4884
869,Classic Cars,132,20,2640
870,Classic Cars,132,39,5148
871,Classic Cars,132,44,5808
872,Classic Cars,132,22,2904
873,Classic Cars,132,43,5676
874,Classic Cars,132,27,3564
875,Classic Cars,132,26,3432
876,Classic Cars,132,25,3300
877,Classic Cars,132,49,6468
878,Classic Cars,132,29,3828
879,Classic Cars,132,41,5412
880,Classic Cars,132,55,7260
881,Vintage Cars,101,27,2727
882,Vintage Cars,101,23,2323
883,Vintage Cars,101,31,3131
884,Vintage Cars,101,46,4646
885,Vintage Cars,101,47,4747
886,Vintage Cars,101,31,3131
887,Vintage Cars,101,46,4646
888,Vintage Cars,101,37,3737
889,Vintage Cars,101,28,2828
890,Vintage Cars,101,37,3737
891,Vintage Cars,101,49,4949
892,Vintage Cars,101,24,2424
893,Vintage Cars,101,30,3030
894,Vintage Cars,101,50,5050
895,Vintage Cars,101,31,3131
896,Vintage Cars,101,46,4646
897,Vintage Cars,101,47,4747
898,Vintage Cars,101,46,4646
899,Vintage Cars,101,37,3737
900,Vintage Cars,101,33,3333
901,Vintage Cars,101,31,3131
902,Vintage Cars,101,48,4848
903,Vintage Cars,101,41,4141
904,Vintage Cars,101,42,4242
905,Vintage Cars,101,41,4141
906,Vintage Cars,101,32,3232
907,Vintage Cars,101,10,1010
908,Vintage Cars,62,35,2170
909,Vintage Cars,62,28,1736
910,Vintage Cars,62,46,2852
911,Vintage Cars,62,20,1240
912,Vintage Cars,62,30,1860
913,Vintage Cars,62,48,2976
914,Vintage Cars,62,28,1736
915,Vintage Cars,62,39,2418
916,Vintage Cars,62,24,1488
917,Vintage Cars,62,28,1736
918,Vintage Cars,62,31,1922
919,Vintage Cars,62,45,2790
920,Vintage Cars,62,24,1488
921,Vintage Cars,62,49,3038
922,Vintage Cars,62,32,1984
923,Vintage Cars,62,43,2666
924,Vintage Cars,62,37,2294
925,Vintage Cars,62,24,1488
926,Vintage Cars,62,35,2170
927,Vintage Cars,62,41,2542
928,Vintage Cars,62,26,1612
929,Vintage Cars,62,34,2108
930,Vintage Cars,62,49,3038
931,Vintage Cars,62,28,1736
932,Vintage Cars,62,40,2480
933,Vintage Cars,62,37,2294
934,Vintage Cars,62,31,1922
935,Ships,86,41,3526
936,Ships,86,21,1806
937,Ships,86,40,3440
938,Ships,86,46,3956
939,Ships,86,44,3784
940,Ships,86,46,3956
941,Ships,86,41,3526
942,Ships,86,32,2752
943,Ships,86,46,3956
944,Ships,86,28,2408
945,Ships,86,49,4214
946,Ships,86,21,1806
947,Ships,86,32,2752
948,Ships,86,34,2924
949,Ships,86,21,1806
950,Ships,86,21,1806
951,Ships,86,31,2666
952,Ships,86,21,1806
953,Ships,86,25,2150
954,Ships,86,28,2408
955,Ships,86,43,3698
956,Ships,86,22,1892
957,Ships,86,37,3182
958,Ships,86,28,2408
959,Ships,86,30,2580
960,Ships,86,44,3784
961,Vintage Cars,104,25,2600
962,Vintage Cars,104,43,4472
963,Vintage Cars,104,30,3120
964,Vintage Cars,104,20,2080
965,Vintage Cars,104,26,2704
966,Vintage Cars,104,40,4160
967,Vintage Cars,104,31,3224
968,Vintage Cars,104,22,2288
969,Vintage Cars,104,23,2392
970,Vintage Cars,104,30,3120
971,Vintage Cars,104,49,5096
972,Vintage Cars,104,31,3224
973,Vintage Cars,104,29,3016
974,Vintage Cars,104,37,3848
975,Vintage Cars,104,38,3952
976,Vintage Cars,104,29,3016
977,Vintage Cars,104,23,2392
978,Vintage Cars,104,26,2704
979,Vintage Cars,104,38,3952
980,Vintage Cars,104,48,4992
981,Vintage Cars,104,40,4160
982,Vintage Cars,104,45,4680
983,Vintage Cars,104,44,4576
984,Vintage Cars,104,21,2184
985,Vintage Cars,104,35,3640
986,Vintage Cars,104,29,3016
987,Vintage Cars,104,21,2184
988,Vintage Cars,136,22,2992
989,Vintage Cars,136,26,3536
990,Vintage Cars,136,41,5576
991,Vintage Cars,136,47,6392
992,Vintage Cars,136,31,4216
993,Vintage Cars,136,43,5848
994,Vintage Cars,136,23,3128
995,Vintage Cars,136,28,3808
996,Vintage Cars,136,49,6664
997,Vintage Cars,136,24,3264
998,Vintage Cars,136,33,4488
999,Vintage Cars,136,22,2992
1000,Vintage Cars,136,32,4352
1001,Vintage Cars,136,40,5440
1002,Vintage Cars,136,43,5848
1003,Vintage Cars,136,24,3264
1004,Vintage Cars,136,32,4352
1005,Vintage Cars,136,20,2720
1006,Vintage Cars,136,24,3264
1007,Vintage Cars,136,48,6528
1008,Vintage Cars,136,44,5984
1009,Vintage Cars,136,28,3808
1010,Vintage Cars,136,24,3264
1011,Vintage Cars,136,33,4488
1012,Vintage Cars,136,41,5576
1013,Classic Cars,169,23,3887
1014,Classic Cars,169,46,7774
1015,Classic Cars,169,48,8112
1016,Classic Cars,169,25,4225
1017,Classic Cars,169,22,3718
1018,Classic Cars,169,41,6929
1019,Classic Cars,169,34,5746
1020,Classic Cars,169,32,5408
1021,Classic Cars,169,21,3549
1022,Classic Cars,169,20,3380
1023,Classic Cars,169,47,7943
1024,Classic Cars,169,39,6591
1025,Classic Cars,169,29,4901
1026,Classic Cars,169,45,7605
1027,Classic Cars,169,28,4732
1028,Classic Cars,169,26,4394
1029,Classic Cars,169,50,8450
1030,Classic Cars,169,48,8112
1031,Classic Cars,169,25,4225
1032,Classic Cars,169,40,6760
1033,Classic Cars,169,43,7267
1034,Classic Cars,169,22,3718
1035,Classic Cars,169,47,7943
1036,Classic Cars,169,36,6084
1037,Classic Cars,169,40,6760
1038,Classic Cars,169,27,4563
1039,Classic Cars,169,29,4901
1040,Classic Cars,169,20,3380
1041,Classic Cars,169,42,7098
1042,Classic Cars,169,25,4225
1043,Classic Cars,169,36,6084
1044,Classic Cars,169,21,3549
1045,Classic Cars,169,23,3887
1046,Classic Cars,169,37,6253
1047,Classic Cars,169,48,8112
1048,Classic Cars,169,25,4225
1049,Classic Cars,169,33,5577
1050,Classic Cars,169,27,4563
1051,Classic Cars,169,27,4563
1052,Classic Cars,169,20,3380
1053,Classic Cars,169,30,5070
1054,Classic Cars,169,48,8112
1055,Classic Cars,169,32,5408
1056,Classic Cars,169,34,5746
1057,Classic Cars,169,27,4563
1058,Classic Cars,169,39,6591
1059,Classic Cars,169,47,7943
1060,Classic Cars,169,22,3718
1061,Classic Cars,169,55,9295
1062,Classic Cars,169,60,10140
1063,Classic Cars,169,35,5915
1064,Classic Cars,169,28,4732
1065,Trains,100,38,3800
1066,Trains,100,21,2100
1067,Trains,100,41,4100
1068,Trains,100,22,2200
1069,Trains,100,29,2900
1070,Trains,100,50,5000
1071,Trains,100,29,2900
1072,Trains,100,49,4900
1073,Trains,100,35,3500
1074,Trains,100,48,4800
1075,Trains,100,23,2300
1076,Trains,100,48,4800
1077,Trains,100,42,4200
1078,Trains,100,47,4700
1079,Trains,100,36,3600
1080,Trains,100,22,2200
1081,Trains,100,40,4000
1082,Trains,100,23,2300
1083,Trains,100,32,3200
1084,Trains,100,21,2100
1085,Trains,100,41,4100
1086,Trains,100,25,2500
1087,Trains,100,26,2600
1088,Trains,100,24,2400
1089,Trains,100,48,4800
1090,Classic Cars,80,26,2080
1091,Classic Cars,80,21,1680
1092,Classic Cars,80,45,3600
1093,Classic Cars,80,36,2880
1094,Classic Cars,80,21,1680
1095,Classic Cars,80,32,2560
1096,Classic Cars,80,30,2400
1097,Classic Cars,80,36,2880
1098,Classic Cars,80,33,2640
1099,Classic Cars,80,35,2800
1100,Classic Cars,80,37,2960
1101,Classic Cars,80,41,3280
1102,Classic Cars,80,20,1600
1103,Classic Cars,80,45,3600
1104,Classic Cars,80,38,3040
1105,Classic Cars,80,43,3440
1106,Classic Cars,80,49,3920
1107,Classic Cars,80,27,2160
1108,Classic Cars,80,46,3680
1109,Classic Cars,80,38,3040
1110,Classic Cars,80,25,2000
1111,Classic Cars,80,46,3680
1112,Classic Cars,80,22,1760
1113,Classic Cars,80,40,3200
1114,Vintage Cars,99,46,4554
1115,Vintage Cars,99,39,3861
1116,Vintage Cars,99,38,3762
1117,Vintage Cars,99,30,2970
1118,Vintage Cars,99,42,4158
1119,Vintage Cars,99,43,4257
1120,Vintage Cars,99,29,2871
1121,Vintage Cars,99,33,3267
1122,Vintage Cars,99,32,3168
1123,Vintage Cars,99,28,2772
1124,Vintage Cars,99,41,4059
1125,Vintage Cars,99,33,3267
1126,Vintage Cars,99,36,3564
1127,Vintage Cars,99,26,2574
1128,Vintage Cars,99,34,3366
1129,Vintage Cars,99,26,2574
1130,Vintage Cars,99,38,3762
1131,Vintage Cars,99,33,3267
1132,Vintage Cars,99,33,3267
1133,Vintage Cars,99,46,4554
1134,Vintage Cars,99,26,2574
1135,Vintage Cars,99,25,2475
1136,Vintage Cars,99,45,4455
1137,Vintage Cars,99,50,4950
1138,Vintage Cars,99,36,3564
1139,Vintage Cars,99,21,2079
1140,Classic Cars,146,29,4234
1141,Classic Cars,146,21,3066
1142,Classic Cars,146,42,6132
1143,Classic Cars,146,37,5402
1144,Classic Cars,146,25,3650
1145,Classic Cars,146,36,5256
1146,Classic Cars,146,22,3212
1147,Classic Cars,146,23,3358
1148,Classic Cars,146,32,4672
1149,Classic Cars,146,28,4088
1150,Classic Cars,146,27,3942
1151,Classic Cars,146,49,7154
1152,Classic Cars,146,41,5986
1153,Classic Cars,146,49,7154
1154,Classic Cars,146,30,4380
1155,Classic Cars,146,40,5840
1156,Classic Cars,146,23,3358
1157,Classic Cars,146,49,7154
1158,Classic Cars,146,25,3650
1159,Classic Cars,146,37,5402
1160,Classic Cars,146,55,8030
1161,Classic Cars,146,23,3358
1162,Classic Cars,146,24,3504
1163,Classic Cars,146,43,6278
1164,Classic Cars,146,50,7300
1165,Classic Cars,141,47,6627
1166,Classic Cars,141,34,4794
1167,Classic Cars,141,31,4371
1168,Classic Cars,141,28,3948
1169,Classic Cars,141,36,5076
1170,Classic Cars,141,48,6768
1171,Classic Cars,141,39,5499
1172,Classic Cars,141,45,6345
1173,Classic Cars,141,35,4935
1174,Classic Cars,141,45,6345
1175,Classic Cars,141,46,6486
1176,Classic Cars,141,37,5217
1177,Classic Cars,141,31,4371
1178,Classic Cars,141,33,4653
1179,Classic Cars,141,31,4371
1180,Classic Cars,141,27,3807
1181,Classic Cars,141,39,5499
1182,Classic Cars,141,32,4512
1183,Classic Cars,141,28,3948
1184,Classic Cars,141,26,3666
1185,Classic Cars,141,44,6204
1186,Classic Cars,141,46,6486
1187,Classic Cars,141,32,4512
1188,Classic Cars,141,65,9165
1189,Classic Cars,141,43,6063
1190,Motorcycles,62,43,2666
1191,Motorcycles,62,35,2170
1192,Motorcycles,62,45,2790
1193,Motorcycles,62,47,2914
1194,Motorcycles,62,21,1302
1195,Motorcycles,62,38,2356
1196,Motorcycles,62,21,1302
1197,Motorcycles,62,43,2666
1198,Motorcycles,62,46,2852
1199,Motorcycles,62,38,2356
1200,Motorcycles,62,26,1612
1201,Motorcycles,62,31,1922
1202,Motorcycles,62,48,2976
1203,Motorcycles,62,33,2046
1204,Motorcycles,62,38,2356
1205,Motorcycles,62,39,2418
1206,Motorcycles,62,42,2604
1207,Motorcycles,62,44,2728
1208,Motorcycles,62,29,1798
1209,Motorcycles,62,26,1612
1210,Motorcycles,62,31,1922
1211,Motorcycles,62,32,1984
1212,Motorcycles,62,28,1736
1213,Motorcycles,62,36,2232
1214,Motorcycles,62,36,2232
1215,Vintage Cars,105,41,4305
1216,Vintage Cars,105,27,2835
1217,Vintage Cars,105,33,3465
1218,Vintage Cars,105,34,3570
1219,Vintage Cars,105,29,3045
1220,Vintage Cars,105,34,3570
1221,Vintage Cars,105,48,5040
1222,Vintage Cars,105,46,4830
1223,Vintage Cars,105,22,2310
1224,Vintage Cars,105,20,2100
1225,Vintage Cars,105,45,4725
1226,Vintage Cars,105,46,4830
1227,Vintage Cars,105,34,3570
1228,Vintage Cars,105,50,5250
1229,Vintage Cars,105,46,4830
1230,Vintage Cars,105,22,2310
1231,Vintage Cars,105,48,5040
1232,Vintage Cars,105,47,4935
1233,Vintage Cars,105,34,3570
1234,Vintage Cars,105,45,4725
1235,Vintage Cars,105,20,2100
1236,Vintage Cars,105,50,5250
1237,Vintage Cars,105,22,2310
1238,Vintage Cars,105,45,4725
1239,Vintage Cars,105,58,6090
1240,Vintage Cars,105,51,5355
1241,Classic Cars,143,38,5434
1242,Classic Cars,143,22,3146
1243,Classic Cars,143,25,3575
1244,Classic Cars,143,24,3432
1245,Classic Cars,143,35,5005
1246,Classic Cars,143,28,4004
1247,Classic Cars,143,36,5148
1248,Classic Cars,143,39,5577
1249,Classic Cars,143,27,3861
1250,Classic Cars,143,40,5720
1251,Classic Cars,143,50,7150
1252,Classic Cars,143,42,6006
1253,Classic Cars,143,48,6864
1254,Classic Cars,143,25,3575
1255,Classic Cars,143,31,4433
1256,Classic Cars,143,44,6292
1257,Classic Cars,143,23,3289
1258,Classic Cars,143,29,4147
1259,Classic Cars,143,49,7007
1260,Classic Cars,143,36,5148
1261,Classic Cars,143,34,4862
1262,Classic Cars,143,25,3575
1263,Classic Cars,143,48,6864
1264,Classic Cars,143,38,5434
1265,Classic Cars,143,37,5291
1266,Classic Cars,143,49,7007
1267,Vintage Cars,92,22,2024
1268,Vintage Cars,92,28,2576
1269,Vintage Cars,92,36,3312
1270,Vintage Cars,92,34,3128
1271,Vintage Cars,92,39,3588
1272,Vintage Cars,92,21,1932
1273,Vintage Cars,92,36,3312
1274,Vintage Cars,92,24,2208
1275,Vintage Cars,92,29,2668
1276,Vintage Cars,92,38,3496
1277,Vintage Cars,92,34,3128
1278,Vintage Cars,92,42,3864
1279,Vintage Cars,92,35,3220
1280,Vintage Cars,92,35,3220
1281,Vintage Cars,92,38,3496
1282,Vintage Cars,92,41,3772
1283,Vintage Cars,92,50,4600
1284,Vintage Cars,92,21,1932
1285,Vintage Cars,92,43,3956
1286,Vintage Cars,92,32,2944
1287,Vintage Cars,92,6,552
1288,Vintage Cars,92,66,6072
1289,Vintage Cars,87,41,3567
1290,Vintage Cars,87,23,2001
1291,Vintage Cars,87,43,3741
1292,Vintage Cars,87,24,2088
1293,Vintage Cars,87,22,1914
1294,Vintage Cars,87,26,2262
1295,Vintage Cars,87,35,3045
1296,Vintage Cars,87,47,4089
1297,Vintage Cars,87,50,4350
1298,Vintage Cars,87,45,3915
1299,Vintage Cars,87,39,3393
1300,Vintage Cars,87,23,2001
1301,Vintage Cars,87,42,3654
1302,Vintage Cars,87,20,1740
1303,Vintage Cars,87,33,2871
1304,Vintage Cars,87,34,2958
1305,Vintage Cars,87,49,4263
1306,Vintage Cars,87,39,3393
1307,Vintage Cars,87,36,3132
1308,Vintage Cars,87,50,4350
1309,Vintage Cars,87,29,2523
1310,Vintage Cars,87,30,2610
1311,Vintage Cars,87,41,3567
1312,Vintage Cars,87,28,2436
1313,Vintage Cars,87,45,3915
1314,Vintage Cars,87,16,1392
1315,Trucks and Buses,121,36,4356
1316,Trucks and Buses,121,41,4961
1317,Trucks and Buses,121,50,6050
1318,Trucks and Buses,121,40,4840
1319,Trucks and Buses,121,49,5929
1320,Trucks and Buses,121,45,5445
1321,Trucks and Buses,121,47,5687
1322,Trucks and Buses,121,21,2541
1323,Trucks and Buses,121,32,3872
1324,Trucks and Buses,121,47,5687
1325,Trucks and Buses,121,38,4598
1326,Trucks and Buses,121,41,4961
1327,Trucks and Buses,121,21,2541
1328,Trucks and Buses,121,41,4961
1329,Trucks and Buses,121,38,4598
1330,Trucks and Buses,121,25,3025
1331,Trucks and Buses,121,48,5808
1332,Trucks and Buses,121,22,2662
1333,Trucks and Buses,121,28,3388
1334,Trucks and Buses,121,47,5687
1335,Trucks and Buses,121,49,5929
1336,Trucks and Buses,121,45,5445
1337,Trucks and Buses,121,28,3388
1338,Trucks and Buses,121,29,3509
1339,Trucks and Buses,121,39,4719
1340,Trucks and Buses,121,46,5566
1341,Trucks and Buses,121,38,4598
1342,Vintage Cars,50,41,2050
1343,Vintage Cars,50,50,2500
1344,Vintage Cars,50,43,2150
1345,Vintage Cars,50,29,1450
1346,Vintage Cars,50,30,1500
1347,Vintage Cars,50,25,1250
1348,Vintage Cars,50,49,2450
1349,Vintage Cars,50,40,2000
1350,Vintage Cars,50,41,2050
1351,Vintage Cars,50,21,1050
1352,Vintage Cars,50,46,2300
1353,Vintage Cars,50,39,1950
1354,Vintage Cars,50,45,2250
1355,Vintage Cars,50,21,1050
1356,Vintage Cars,50,44,2200
1357,Vintage Cars,50,44,2200
1358,Vintage Cars,50,29,1450
1359,Vintage Cars,50,34,1700
1360,Vintage Cars,50,39,1950
1361,Vintage Cars,50,38,1900
1362,Vintage Cars,50,24,1200
1363,Vintage Cars,50,29,1450
1364,Vintage Cars,50,30,1500
1365,Vintage Cars,50,20,1000
1366,Vintage Cars,50,39,1950
1367,Vintage Cars,50,35,1750
1368,Vintage Cars,50,26,1300
1369,Classic Cars,148,44,6512
1370,Classic Cars,148,28,4144
1371,Classic Cars,148,31,4588
1372,Classic Cars,148,29,4292
1373,Classic Cars,148,32,4736
1374,Classic Cars,148,33,4884
1375,Classic Cars,148,44,6512
1376,Classic Cars,148,32,4736
1377,Classic Cars,148,41,6068
1378,Classic Cars,148,35,5180
1379,Classic Cars,148,44,6512
1380,Classic Cars,148,26,3848
1381,Classic Cars,148,20,2960
1382,Classic Cars,148,48,7104
1383,Classic Cars,148,34,5032
1384,Classic Cars,148,49,7252
1385,Classic Cars,148,40,5920
1386,Classic Cars,148,45,6660
1387,Classic Cars,148,50,7400
1388,Classic Cars,148,38,5624
1389,Classic Cars,148,25,3700
1390,Classic Cars,148,28,4144
1391,Classic Cars,148,49,7252
1392,Classic Cars,148,49,7252
1393,Classic Cars,71,42,2982
1394,Classic Cars,71,23,1633
1395,Classic Cars,71,29,2059
1396,Classic Cars,71,25,1775
1397,Classic Cars,71,39,2769
1398,Classic Cars,71,44,3124
1399,Classic Cars,71,25,1775
1400,Classic Cars,71,45,3195
1401,Classic Cars,71,25,1775
1402,Classic Cars,71,37,2627
1403,Classic Cars,71,30,2130
1404,Classic Cars,71,36,2556
1405,Classic Cars,71,26,1846
1406,Classic Cars,71,23,1633
1407,Classic Cars,71,23,1633
1408,Classic Cars,71,25,1775
1409,Classic Cars,71,21,1491
1410,Classic Cars,71,26,1846
1411,Classic Cars,71,44,3124
1412,Classic Cars,71,24,1704
1413,Classic Cars,71,66,4686
1414,Classic Cars,71,36,2556
1415,Classic Cars,73,36,2628
1416,Classic Cars,73,22,1606
1417,Classic Cars,73,25,1825
1418,Classic Cars,73,37,2701
1419,Classic Cars,73,32,2336
1420,Classic Cars,73,47,3431
1421,Classic Cars,73,37,2701
1422,Classic Cars,73,20,1460
1423,Classic Cars,73,41,2993
1424,Classic Cars,73,21,1533
1425,Classic Cars,73,22,1606
1426,Classic Cars,73,40,2920
1427,Classic Cars,73,32,2336
1428,Classic Cars,73,36,2628
1429,Classic Cars,73,27,1971
1430,Classic Cars,73,26,1898
1431,Classic Cars,73,30,2190
1432,Classic Cars,73,23,1679
1433,Classic Cars,73,29,2117
1434,Classic Cars,73,21,1533
1435,Classic Cars,73,34,2482
1436,Classic Cars,73,26,1898
1437,Classic Cars,73,60,4380
1438,Classic Cars,57,35,1995
1439,Classic Cars,57,47,2679
1440,Classic Cars,57,20,1140
1441,Classic Cars,57,20,1140
1442,Classic Cars,57,25,1425
1443,Classic Cars,57,25,1425
1444,Classic Cars,57,27,1539
1445,Classic Cars,57,31,1767
1446,Classic Cars,57,44,2508
1447,Classic Cars,57,49,2793
1448,Classic Cars,57,26,1482
1449,Classic Cars,57,36,2052
1450,Classic Cars,57,44,2508
1451,Classic Cars,57,28,1596
1452,Classic Cars,57,45,2565
1453,Classic Cars,57,29,1653
1454,Classic Cars,57,40,2280
1455,Classic Cars,57,45,2565
1456,Classic Cars,57,44,2508
1457,Classic Cars,57,25,1425
1458,Classic Cars,57,45,2565
1459,Classic Cars,57,48,2736
1460,Classic Cars,57,44,2508
1461,Classic Cars,57,25,1425
1462,Classic Cars,57,22,1254
1463,Classic Cars,57,31,1767
1464,Classic Cars,57,21,1197
1465,Classic Cars,57,55,3135
1466,Motorcycles,112,25,2800
1467,Motorcycles,112,35,3920
1468,Motorcycles,112,35,3920
1469,Motorcycles,112,43,4816
1470,Motorcycles,112,44,4928
1471,Motorcycles,112,50,5600
1472,Motorcycles,112,48,5376
1473,Motorcycles,112,25,2800
1474,Motorcycles,112,39,4368
1475,Motorcycles,112,25,2800
1476,Motorcycles,112,32,3584
1477,Motorcycles,112,20,2240
1478,Motorcycles,112,26,2912
1479,Motorcycles,112,42,4704
1480,Motorcycles,112,21,2352
1481,Motorcycles,112,34,3808
1482,Motorcycles,112,47,5264
1483,Motorcycles,112,21,2352
1484,Motorcycles,112,48,5376
1485,Motorcycles,112,30,3360
1486,Motorcycles,112,27,3024
1487,Motorcycles,112,50,5600
1488,Motorcycles,112,38,4256
1489,Motorcycles,112,45,5040
1490,Motorcycles,112,46,5152
1491,Motorcycles,112,35,3920
1492,Classic Cars,50,29,1450
1493,Classic Cars,50,50,2500
1494,Classic Cars,50,26,1300
1495,Classic Cars,50,47,2350
1496,Classic Cars,50,23,1150
1497,Classic Cars,50,34,1700
1498,Classic Cars,50,34,1700
1499,Classic Cars,50,47,2350
1500,Classic Cars,50,45,2250
1501,Classic Cars,50,45,2250
1502,Classic Cars,50,36,1800
1503,Classic Cars,50,21,1050
1504,Classic Cars,50,28,1400
1505,Classic Cars,50,35,1750
1506,Classic Cars,50,50,2500
1507,Classic Cars,50,22,1100
1508,Classic Cars,50,45,2250
1509,Classic Cars,50,48,2400
1510,Classic Cars,50,20,1000
1511,Classic Cars,50,27,1350
1512,Classic Cars,50,38,1900
1513,Classic Cars,50,32,1600
1514,Classic Cars,50,64,3200
1515,Classic Cars,50,37,1850
1516,Planes,109,28,3052
1517,Planes,109,39,4251
1518,Planes,109,41,4469
1519,Planes,109,40,4360
1520,Planes,109,49,5341
1521,Planes,109,27,2943
1522,Planes,109,34,3706
1523,Planes,109,23,2507
1524,Planes,109,31,3379
1525,Planes,109,34,3706
1526,Planes,109,25,2725
1527,Planes,109,22,2398
1528,Planes,109,32,3488
1529,Planes,109,31,3379
1530,Planes,109,25,2725
1531,Planes,109,47,5123
1532,Planes,109,21,2289
1533,Planes,109,28,3052
1534,Planes,109,46,5014
1535,Planes,109,33,3597
1536,Planes,109,43,4687
1537,Planes,109,38,4142
1538,Planes,109,47,5123
1539,Vintage Cars,33,45,1485
1540,Vintage Cars,33,20,660
1541,Vintage Cars,33,45,1485
1542,Vintage Cars,33,36,1188
1543,Vintage Cars,33,37,1221
1544,Vintage Cars,33,31,1023
1545,Vintage Cars,33,39,1287
1546,Vintage Cars,33,26,858
1547,Vintage Cars,33,32,1056
1548,Vintage Cars,33,20,660
1549,Vintage Cars,33,42,1386
1550,Vintage Cars,33,33,1089
1551,Vintage Cars,33,20,660
1552,Vintage Cars,33,29,957
1553,Vintage Cars,33,23,759
1554,Vintage Cars,33,39,1287
1555,Vintage Cars,33,20,660
1556,Vintage Cars,33,45,1485
1557,Vintage Cars,33,20,660
1558,Vintage Cars,33,48,1584
1559,Vintage Cars,33,23,759
1560,Vintage Cars,33,32,1056
1561,Vintage Cars,33,33,1089
1562,Vintage Cars,33,61,2013
1563,Vintage Cars,33,45,1485
1564,Motorcycles,76,38,2888
1565,Motorcycles,76,34,2584
1566,Motorcycles,76,43,3268
1567,Motorcycles,76,47,3572
1568,Motorcycles,76,22,1672
1569,Motorcycles,76,29,2204
1570,Motorcycles,76,28,2128
1571,Motorcycles,76,40,3040
1572,Motorcycles,76,25,1900
1573,Motorcycles,76,30,2280
1574,Motorcycles,76,38,2888
1575,Motorcycles,76,36,2736
1576,Motorcycles,76,32,2432
1577,Motorcycles,76,37,2812
1578,Motorcycles,76,30,2280
1579,Motorcycles,76,39,2964
1580,Motorcycles,76,32,2432
1581,Motorcycles,76,47,3572
1582,Motorcycles,76,26,1976
1583,Motorcycles,76,37,2812
1584,Motorcycles,76,55,4180
1585,Motorcycles,76,21,1596
1586,Motorcycles,76,23,1748
1587,Motorcycles,76,49,3724
1588,Motorcycles,76,59,4484
1589,Motorcycles,76,32,2432
1590,Ships,122,43,5246
1591,Ships,122,41,5002
1592,Ships,122,45,5490
1593,Ships,122,33,4026
1594,Ships,122,40,4880
1595,Ships,122,33,4026
1596,Ships,122,50,6100
1597,Ships,122,30,3660
1598,Ships,122,41,5002
1599,Ships,122,35,4270
1600,Ships,122,49,5978
1601,Ships,122,46,5612
1602,Ships,122,48,5856
1603,Ships,122,36,4392
1604,Ships,122,22,2684
1605,Ships,122,42,5124
1606,Ships,122,21,2562
1607,Ships,122,29,3538
1608,Ships,122,35,4270
1609,Ships,122,41,5002
1610,Ships,122,29,3538
1611,Ships,122,34,4148
1612,Ships,122,37,4514
1613,Ships,122,28,3416
1614,Ships,122,49,5978
1615,Ships,122,23,2806
1616,Vintage Cars,44,46,2024
1617,Vintage Cars,44,39,1716
1618,Vintage Cars,44,22,968
1619,Vintage Cars,44,49,2156
1620,Vintage Cars,44,43,1892
1621,Vintage Cars,44,27,1188
1622,Vintage Cars,44,31,1364
1623,Vintage Cars,44,20,880
1624,Vintage Cars,44,24,1056
1625,Vintage Cars,44,49,2156
1626,Vintage Cars,44,24,1056
1627,Vintage Cars,44,39,1716
1628,Vintage Cars,44,37,1628
1629,Vintage Cars,44,45,1980
1630,Vintage Cars,44,45,1980
1631,Vintage Cars,44,44,1936
1632,Vintage Cars,44,23,1012
1633,Vintage Cars,44,30,1320
1634,Vintage Cars,44,26,1144
1635,Vintage Cars,44,43,1892
1636,Vintage Cars,44,26,1144
1637,Vintage Cars,44,28,1232
1638,Vintage Cars,44,27,1188
1639,Vintage Cars,44,24,1056
1640,Vintage Cars,44,40,1760
1641,Trucks and Buses,127,36,4572
1642,Trucks and Buses,127,21,2667
1643,Trucks and Buses,127,27,3429
1644,Trucks and Buses,127,47,5969
1645,Trucks and Buses,127,42,5334
1646,Trucks and Buses,127,32,4064
1647,Trucks and Buses,127,28,3556
1648,Trucks and Buses,127,24,3048
1649,Trucks and Buses,127,49,6223
1650,Trucks and Buses,127,46,5842
1651,Trucks and Buses,127,28,3556
1652,Trucks and Buses,127,48,6096
1653,Trucks and Buses,127,29,3683
1654,Trucks and Buses,127,47,5969
1655,Trucks and Buses,127,43,5461
1656,Trucks and Buses,127,25,3175
1657,Trucks and Buses,127,48,6096
1658,Trucks and Buses,127,24,3048
1659,Trucks and Buses,127,42,5334
1660,Trucks and Buses,127,31,3937
1661,Trucks and Buses,127,42,5334
1662,Trucks and Buses,127,37,4699
1663,Trucks and Buses,127,41,5207
1664,Trucks and Buses,127,20,2540
1665,Trucks and Buses,127,20,2540
1666,Trucks and Buses,127,70,8890
1667,Trucks and Buses,127,49,6223
1668,Motorcycles,69,35,2415
1669,Motorcycles,69,32,2208
1670,Motorcycles,69,29,2001
1671,Motorcycles,69,27,1863
1672,Motorcycles,69,27,1863
1673,Motorcycles,69,38,2622
1674,Motorcycles,69,35,2415
1675,Motorcycles,69,42,2898
1676,Motorcycles,69,21,1449
1677,Motorcycles,69,37,2553
1678,Motorcycles,69,26,1794
1679,Motorcycles,69,47,3243
1680,Motorcycles,69,37,2553
1681,Motorcycles,69,46,3174
1682,Motorcycles,69,38,2622
1683,Motorcycles,69,33,2277
1684,Motorcycles,69,24,1656
1685,Motorcycles,69,31,2139
1686,Motorcycles,69,42,2898
1687,Motorcycles,69,32,2208
1688,Motorcycles,69,41,2829
1689,Motorcycles,69,43,2967
1690,Motorcycles,69,20,1380
1691,Motorcycles,69,35,2415
1692,Motorcycles,69,27,1863
1693,Classic Cars,90,43,3870
1694,Classic Cars,90,32,2880
1695,Classic Cars,90,21,1890
1696,Classic Cars,90,20,1800
1697,Classic Cars,90,22,1980
1698,Classic Cars,90,36,3240
1699,Classic Cars,90,46,4140
1700,Classic Cars,90,47,4230
1701,Classic Cars,90,45,4050
1702,Classic Cars,90,47,4230
1703,Classic Cars,90,47,4230
1704,Classic Cars,90,38,3420
1705,Classic Cars,90,49,4410
1706,Classic Cars,90,35,3150
1707,Classic Cars,90,49,4410
1708,Classic Cars,90,28,2520
1709,Classic Cars,90,30,2700
1710,Classic Cars,90,39,3510
1711,Classic Cars,90,25,2250
1712,Classic Cars,90,40,3600
1713,Classic Cars,90,36,3240
1714,Classic Cars,90,76,6840
1715,Classic Cars,90,39,3510
1716,Classic Cars,35,44,1540
1717,Classic Cars,35,24,840
1718,Classic Cars,35,39,1365
1719,Classic Cars,35,21,735
1720,Classic Cars,35,30,1050
1721,Classic Cars,35,27,945
1722,Classic Cars,35,37,1295
1723,Classic Cars,35,42,1470
1724,Classic Cars,35,32,1120
1725,Classic Cars,35,42,1470
1726,Classic Cars,35,21,735
1727,Classic Cars,35,33,1155
1728,Classic Cars,35,49,1715
1729,Classic Cars,35,31,1085
1730,Classic Cars,35,38,1330
1731,Classic Cars,35,20,700
1732,Classic Cars,35,39,1365
1733,Classic Cars,35,48,1680
1734,Classic Cars,35,39,1365
1735,Classic Cars,35,30,1050
1736,Classic Cars,35,33,1155
1737,Classic Cars,35,36,1260
1738,Classic Cars,35,36,1260
1739,Classic Cars,35,45,1575
1740,Classic Cars,35,40,1400
1741,Classic Cars,35,46,1610
1742,Classic Cars,35,30,1050
1743,Classic Cars,35,31,1085
1744,Planes,68,49,3332
1745,Planes,68,41,2788
1746,Planes,68,35,2380
1747,Planes,68,27,1836
1748,Planes,68,23,1564
1749,Planes,68,21,1428
1750,Planes,68,34,2312
1751,Planes,68,22,1496
1752,Planes,68,48,3264
1753,Planes,68,43,2924
1754,Planes,68,32,2176
1755,Planes,68,20,1360
1756,Planes,68,24,1632
1757,Planes,68,40,2720
1758,Planes,68,30,2040
1759,Planes,68,21,1428
1760,Planes,68,25,1700
1761,Planes,68,34,2312
1762,Planes,68,48,3264
1763,Planes,68,55,3740
1764,Planes,68,25,1700
1765,Planes,68,38,2584
1766,Planes,68,39,2652
1767,Planes,68,28,1904
1768,Planes,68,24,1632
1769,Planes,68,21,1428
1770,Classic Cars,117,46,5382
1771,Classic Cars,117,25,2925
1772,Classic Cars,117,34,3978
1773,Classic Cars,117,25,2925
1774,Classic Cars,117,23,2691
1775,Classic Cars,117,20,2340
1776,Classic Cars,117,23,2691
1777,Classic Cars,117,42,4914
1778,Classic Cars,117,27,3159
1779,Classic Cars,117,33,3861
1780,Classic Cars,117,28,3276
1781,Classic Cars,117,43,5031
1782,Classic Cars,117,48,5616
1783,Classic Cars,117,48,5616
1784,Classic Cars,117,45,5265
1785,Classic Cars,117,43,5031
1786,Classic Cars,117,44,5148
1787,Classic Cars,117,24,2808
1788,Classic Cars,117,31,3627
1789,Classic Cars,117,44,5148
1790,Classic Cars,117,59,6903
1791,Classic Cars,117,55,6435
1792,Classic Cars,37,29,1073
1793,Classic Cars,37,39,1443
1794,Classic Cars,37,20,740
1795,Classic Cars,37,25,925
1796,Classic Cars,37,42,1554
1797,Classic Cars,37,36,1332
1798,Classic Cars,37,37,1369
1799,Classic Cars,37,30,1110
1800,Classic Cars,37,21,777
1801,Classic Cars,37,34,1258
1802,Classic Cars,37,42,1554
1803,Classic Cars,37,20,740
1804,Classic Cars,37,40,1480
1805,Classic Cars,37,34,1258
1806,Classic Cars,37,31,1147
1807,Classic Cars,37,36,1332
1808,Classic Cars,37,48,1776
1809,Classic Cars,37,33,1221
1810,Classic Cars,37,37,1369
1811,Classic Cars,37,27,999
1812,Classic Cars,37,39,1443
1813,Classic Cars,37,36,1332
1814,Classic Cars,37,36,1332
1815,Classic Cars,37,41,1517
1816,Classic Cars,37,37,1369
1817,Classic Cars,37,47,1739
1818,Classic Cars,37,15,555
1819,Vintage Cars,88,44,3872
1820,Vintage Cars,88,35,3080
1821,Vintage Cars,88,41,3608
1822,Vintage Cars,88,49,4312
1823,Vintage Cars,88,31,2728
1824,Vintage Cars,88,20,1760
1825,Vintage Cars,88,45,3960
1826,Vintage Cars,88,33,2904
1827,Vintage Cars,88,47,4136
1828,Vintage Cars,88,20,1760
1829,Vintage Cars,88,47,4136
1830,Vintage Cars,88,40,3520
1831,Vintage Cars,88,30,2640
1832,Vintage Cars,88,22,1936
1833,Vintage Cars,88,27,2376
1834,Vintage Cars,88,34,2992
1835,Vintage Cars,88,46,4048
1836,Vintage Cars,88,31,2728
1837,Vintage Cars,88,24,2112
1838,Vintage Cars,88,41,3608
1839,Vintage Cars,88,55,4840
1840,Vintage Cars,88,30,2640
1841,Vintage Cars,88,33,2904
1842,Vintage Cars,88,43,3784
1843,Vintage Cars,88,27,2376
1844,Vintage Cars,88,60,5280
1845,Classic Cars,85,27,2295
1846,Classic Cars,85,49,4165
1847,Classic Cars,85,31,2635
1848,Classic Cars,85,20,1700
1849,Classic Cars,85,24,2040
1850,Classic Cars,85,33,2805
1851,Classic Cars,85,32,2720
1852,Classic Cars,85,40,3400
1853,Classic Cars,85,27,2295
1854,Classic Cars,85,40,3400
1855,Classic Cars,85,26,2210
1856,Classic Cars,85,44,3740
1857,Classic Cars,85,33,2805
1858,Classic Cars,85,34,2890
1859,Classic Cars,85,48,4080
1860,Classic Cars,85,25,2125
1861,Classic Cars,85,39,3315
1862,Classic Cars,85,45,3825
1863,Classic Cars,85,24,2040
1864,Classic Cars,85,46,3910
1865,Classic Cars,85,44,3740
1866,Classic Cars,85,13,1105
1867,Classic Cars,85,35,2975
1868,Classic Cars,61,30,1830
1869,Classic Cars,61,34,2074
1870,Classic Cars,61,27,1647
1871,Classic Cars,61,30,1830
1872,Classic Cars,61,50,3050
1873,Classic Cars,61,34,2074
1874,Classic Cars,61,23,1403
1875,Classic Cars,61,48,2928
1876,Classic Cars,61,34,2074
1877,Classic Cars,61,48,2928
1878,Classic Cars,61,24,1464
1879,Classic Cars,61,47,2867
1880,Classic Cars,61,24,1464
1881,Classic Cars,61,47,2867
1882,Classic Cars,61,20,1220
1883,Classic Cars,61,20,1220
1884,Classic Cars,61,31,1891
1885,Classic Cars,61,38,2318
1886,Classic Cars,61,26,1586
1887,Classic Cars,61,25,1525
1888,Classic Cars,61,48,2928
1889,Classic Cars,61,44,2684
1890,Classic Cars,61,21,1281
1891,Classic Cars,61,46,2806
1892,Classic Cars,61,46,2806
1893,Classic Cars,61,55,3355
1894,Vintage Cars,65,31,2015
1895,Vintage Cars,65,20,1300
1896,Vintage Cars,65,29,1885
1897,Vintage Cars,65,33,2145
1898,Vintage Cars,65,34,2210
1899,Vintage Cars,65,32,2080
1900,Vintage Cars,65,27,1755
1901,Vintage Cars,65,21,1365
1902,Vintage Cars,65,27,1755
1903,Vintage Cars,65,36,2340
1904,Vintage Cars,65,43,2795
1905,Vintage Cars,65,25,1625
1906,Vintage Cars,65,46,2990
1907,Vintage Cars,65,24,1560
1908,Vintage Cars,65,39,2535
1909,Vintage Cars,65,31,2015
1910,Vintage Cars,65,22,1430
1911,Vintage Cars,65,47,3055
1912,Vintage Cars,65,20,1300
1913,Vintage Cars,65,29,1885
1914,Vintage Cars,65,38,2470
1915,Vintage Cars,65,34,2210
1916,Vintage Cars,65,46,2990
1917,Vintage Cars,65,35,2275
1918,Vintage Cars,65,34,2210
1919,Vintage Cars,65,38,2470
1920,Vintage Cars,65,18,1170
1921,Classic Cars,107,37,3959
1922,Classic Cars,107,43,4601
1923,Classic Cars,107,27,2889
1924,Classic Cars,107,30,3210
1925,Classic Cars,107,22,2354
1926,Classic Cars,107,49,5243
1927,Classic Cars,107,46,4922
1928,Classic Cars,107,48,5136
1929,Classic Cars,107,46,4922
1930,Classic Cars,107,48,5136
1931,Classic Cars,107,27,2889
1932,Classic Cars,107,43,4601
1933,Classic Cars,107,48,5136
1934,Classic Cars,107,41,4387
1935,Classic Cars,107,22,2354
1936,Classic Cars,107,46,4922
1937,Classic Cars,107,21,2247
1938,Classic Cars,107,31,3317
1939,Classic Cars,107,26,2782
1940,Classic Cars,107,20,2140
1941,Classic Cars,107,34,3638
1942,Classic Cars,107,43,4601
1943,Classic Cars,107,26,2782
1944,Vintage Cars,83,50,4150
1945,Vintage Cars,83,35,2905
1946,Vintage Cars,83,50,4150
1947,Vintage Cars,83,23,1909
1948,Vintage Cars,83,37,3071
1949,Vintage Cars,83,29,2407
1950,Vintage Cars,83,21,1743
1951,Vintage Cars,83,36,2988
1952,Vintage Cars,83,22,1826
1953,Vintage Cars,83,22,1826
1954,Vintage Cars,83,46,3818
1955,Vintage Cars,83,23,1909
1956,Vintage Cars,83,49,4067
1957,Vintage Cars,83,48,3984
1958,Vintage Cars,83,33,2739
1959,Vintage Cars,83,22,1826
1960,Vintage Cars,83,22,1826
1961,Vintage Cars,83,25,2075
1962,Vintage Cars,83,20,1660
1963,Vintage Cars,83,42,3486
1964,Vintage Cars,83,25,2075
1965,Vintage Cars,83,23,1909
1966,Vintage Cars,83,37,3071
1967,Vintage Cars,83,37,3071
1968,Vintage Cars,83,42,3486
1969,Vintage Cars,83,51,4233
1970,Classic Cars,140,40,5600
1971,Classic Cars,140,43,6020
1972,Classic Cars,140,47,6580
1973,Classic Cars,140,23,3220
1974,Classic Cars,140,35,4900
1975,Classic Cars,140,34,4760
1976,Classic Cars,140,25,3500
1977,Classic Cars,140,45,6300
1978,Classic Cars,140,47,6580
1979,Classic Cars,140,49,6860
1980,Classic Cars,140,40,5600
1981,Classic Cars,140,29,4060
1982,Classic Cars,140,39,5460
1983,Classic Cars,140,24,3360
1984,Classic Cars,140,25,3500
1985,Classic Cars,140,36,5040
1986,Classic Cars,140,50,7000
1987,Classic Cars,140,45,6300
1988,Classic Cars,140,26,3640
1989,Classic Cars,140,21,2940
1990,Classic Cars,140,42,5880
1991,Classic Cars,140,32,4480
1992,Classic Cars,140,31,4340
1993,Classic Cars,140,33,4620
1994,Classic Cars,140,45,6300
1995,Classic Cars,140,76,10640
1996,Classic Cars,140,70,9800
1997,Planes,68,50,3400
1998,Planes,68,28,1904
1999,Planes,68,50,3400
2000,Planes,68,28,1904
2001,Planes,68,44,2992
2002,Planes,68,27,1836
2003,Planes,68,30,2040
2004,Planes,68,43,2924
2005,Planes,68,29,1972
2006,Planes,68,48,3264
2007,Planes,68,33,2244
2008,Planes,68,40,2720
2009,Planes,68,48,3264
2010,Planes,68,41,2788
2011,Planes,68,21,1428
2012,Planes,68,32,2176
2013,Planes,68,43,2924
2014,Planes,68,30,2040
2015,Planes,68,35,2380
2016,Planes,68,45,3060
2017,Planes,68,34,2312
2018,Planes,68,26,1768
2019,Planes,68,39,2652
2020,Planes,68,41,2788
2021,Planes,68,41,2788
2022,Planes,68,64,4352
2023,Planes,68,18,1224
2024,Vintage Cars,41,49,2009
2025,Vintage Cars,41,48,1968
2026,Vintage Cars,41,46,1886
2027,Vintage Cars,41,26,1066
2028,Vintage Cars,41,37,1517
2029,Vintage Cars,41,35,1435
2030,Vintage Cars,41,23,943
2031,Vintage Cars,41,22,902
2032,Vintage Cars,41,39,1599
2033,Vintage Cars,41,44,1804
2034,Vintage Cars,41,27,1107
2035,Vintage Cars,41,46,1886
2036,Vintage Cars,41,33,1353
2037,Vintage Cars,41,33,1353
2038,Vintage Cars,41,24,984
2039,Vintage Cars,41,31,1271
2040,Vintage Cars,41,41,1681
2041,Vintage Cars,41,22,902
2042,Vintage Cars,41,46,1886
2043,Vintage Cars,41,43,1763
2044,Vintage Cars,41,15,615
2045,Vintage Cars,41,15,615
2046,Classic Cars,118,26,3068
2047,Classic Cars,118,44,5192
2048,Classic Cars,118,20,2360
2049,Classic Cars,118,40,4720
2050,Classic Cars,118,23,2714
2051,Classic Cars,118,24,2832
2052,Classic Cars,118,29,3422
2053,Classic Cars,118,49,5782
2054,Classic Cars,118,34,4012
2055,Classic Cars,118,28,3304
2056,Classic Cars,118,37,4366
2057,Classic Cars,118,45,5310
2058,Classic Cars,118,46,5428
2059,Classic Cars,118,22,2596
2060,Classic Cars,118,39,4602
2061,Classic Cars,118,27,3186
2062,Classic Cars,118,36,4248
2063,Classic Cars,118,38,4484
2064,Classic Cars,118,44,5192
2065,Classic Cars,118,31,3658
2066,Classic Cars,118,23,2714
2067,Classic Cars,118,22,2596
2068,Classic Cars,118,28,3304
2069,Classic Cars,118,21,2478
2070,Classic Cars,118,37,4366
2071,Classic Cars,118,31,3658
2072,Vintage Cars,97,25,2425
2073,Vintage Cars,97,26,2522
2074,Vintage Cars,97,34,3298
2075,Vintage Cars,97,29,2813
2076,Vintage Cars,97,20,1940
2077,Vintage Cars,97,42,4074
2078,Vintage Cars,97,22,2134
2079,Vintage Cars,97,47,4559
2080,Vintage Cars,97,20,1940
2081,Vintage Cars,97,33,3201
2082,Vintage Cars,97,39,3783
2083,Vintage Cars,97,33,3201
2084,Vintage Cars,97,40,3880
2085,Vintage Cars,97,46,4462
2086,Vintage Cars,97,48,4656
2087,Vintage Cars,97,21,2037
2088,Vintage Cars,97,45,4365
2089,Vintage Cars,97,33,3201
2090,Vintage Cars,97,44,4268
2091,Vintage Cars,97,33,3201
2092,Vintage Cars,97,39,3783
2093,Vintage Cars,97,39,3783
2094,Vintage Cars,97,41,3977
2095,Vintage Cars,97,40,3880
2096,Vintage Cars,97,33,3201
2097,Vintage Cars,97,28,2716
2098,Planes,72,26,1872
2099,Planes,72,29,2088
2100,Planes,72,46,3312
2101,Planes,72,33,2376
2102,Planes,72,48,3456
2103,Planes,72,40,2880
2104,Planes,72,23,1656
2105,Planes,72,40,2880
2106,Planes,72,37,2664
2107,Planes,72,24,1728
2108,Planes,72,27,1944
2109,Planes,72,21,1512
2110,Planes,72,23,1656
2111,Planes,72,44,3168
2112,Planes,72,35,2520
2113,Planes,72,43,3096
2114,Planes,72,40,2880
2115,Planes,72,35,2520
2116,Planes,72,25,1800
2117,Planes,72,43,3096
2118,Planes,72,50,3600
2119,Planes,72,45,3240
2120,Planes,72,52,3744
2121,Planes,72,48,3456
2122,Classic Cars,80,31,2480
2123,Classic Cars,80,29,2320
2124,Classic Cars,80,23,1840
2125,Classic Cars,80,31,2480
2126,Classic Cars,80,23,1840
2127,Classic Cars,80,24,1920
2128,Classic Cars,80,28,2240
2129,Classic Cars,80,44,3520
2130,Classic Cars,80,22,1760
2131,Classic Cars,80,46,3680
2132,Classic Cars,80,22,1760
2133,Classic Cars,80,38,3040
2134,Classic Cars,80,47,3760
2135,Classic Cars,80,48,3840
2136,Classic Cars,80,40,3200
2137,Classic Cars,80,32,2560
2138,Classic Cars,80,49,3920
2139,Classic Cars,80,43,3440
2140,Classic Cars,80,41,3280
2141,Classic Cars,80,30,2400
2142,Classic Cars,80,28,2240
2143,Classic Cars,80,43,3440
2144,Classic Cars,80,41,3280
2145,Classic Cars,80,30,2400
2146,Trucks and Buses,96,31,2976
2147,Trucks and Buses,96,32,3072
2148,Trucks and Buses,96,43,4128
2149,Trucks and Buses,96,26,2496
2150,Trucks and Buses,96,27,2592
2151,Trucks and Buses,96,24,2304
2152,Trucks and Buses,96,22,2112
2153,Trucks and Buses,96,46,4416
2154,Trucks and Buses,96,37,3552
2155,Trucks and Buses,96,49,4704
2156,Trucks and Buses,96,21,2016
2157,Trucks and Buses,96,25,2400
2158,Trucks and Buses,96,37,3552
2159,Trucks and Buses,96,45,4320
2160,Trucks and Buses,96,32,3072
2161,Trucks and Buses,96,29,2784
2162,Trucks and Buses,96,26,2496
2163,Trucks and Buses,96,28,2688
2164,Trucks and Buses,96,27,2592
2165,Trucks and Buses,96,20,1920
2166,Trucks and Buses,96,44,4224
2167,Trucks and Buses,96,42,4032
2168,Trucks and Buses,96,41,3936
2169,Trucks and Buses,96,26,2496
2170,Trucks and Buses,96,26,2496
2171,Trucks and Buses,96,26,2496
2172,Trucks and Buses,96,41,3936
2173,Motorcycles,99,20,1980
2174,Motorcycles,99,22,2178
2175,Motorcycles,99,23,2277
2176,Motorcycles,99,33,3267
2177,Motorcycles,99,28,2772
2178,Motorcycles,99,44,4356
2179,Motorcycles,99,46,4554
2180,Motorcycles,99,21,2079
2181,Motorcycles,99,41,4059
2182,Motorcycles,99,31,3069
2183,Motorcycles,99,31,3069
2184,Motorcycles,99,23,2277
2185,Motorcycles,99,37,3663
2186,Motorcycles,99,26,2574
2187,Motorcycles,99,24,2376
2188,Motorcycles,99,47,4653
2189,Motorcycles,99,45,4455
2190,Motorcycles,99,55,5445
2191,Motorcycles,99,46,4554
2192,Motorcycles,99,50,4950
2193,Motorcycles,99,37,3663
2194,Motorcycles,99,44,4356
2195,Motorcycles,99,49,4851
2196,Motorcycles,99,45,4455
2197,Motorcycles,40,27,1080
2198,Motorcycles,40,31,1240
2199,Motorcycles,40,33,1320
2200,Motorcycles,40,31,1240
2201,Motorcycles,40,35,1400
2202,Motorcycles,40,26,1040
2203,Motorcycles,40,34,1360
2204,Motorcycles,40,46,1840
2205,Motorcycles,40,41,1640
2206,Motorcycles,40,43,1720
2207,Motorcycles,40,26,1040
2208,Motorcycles,40,36,1440
2209,Motorcycles,40,20,800
2210,Motorcycles,40,27,1080
2211,Motorcycles,40,37,1480
2212,Motorcycles,40,24,960
2213,Motorcycles,40,36,1440
2214,Motorcycles,40,29,1160
2215,Motorcycles,40,28,1120
2216,Motorcycles,40,29,1160
2217,Motorcycles,40,38,1520
2218,Motorcycles,40,48,1920
2219,Motorcycles,40,40,1600
2220,Motorcycles,40,41,1640
2221,Motorcycles,40,30,1200
2222,Trucks and Buses,54,35,1890
2223,Trucks and Buses,54,28,1512
2224,Trucks and Buses,54,45,2430
2225,Trucks and Buses,54,24,1296
2226,Trucks and Buses,54,41,2214
2227,Trucks and Buses,54,48,2592
2228,Trucks and Buses,54,50,2700
2229,Trucks and Buses,54,33,1782
2230,Trucks and Buses,54,32,1728
2231,Trucks and Buses,54,27,1458
2232,Trucks and Buses,54,35,1890
2233,Trucks and Buses,54,23,1242
2234,Trucks and Buses,54,35,1890
2235,Trucks and Buses,54,40,2160
2236,Trucks and Buses,54,35,1890
2237,Trucks and Buses,54,31,1674
2238,Trucks and Buses,54,50,2700
2239,Trucks and Buses,54,40,2160
2240,Trucks and Buses,54,38,2052
2241,Trucks and Buses,54,38,2052
2242,Trucks and Buses,54,40,2160
2243,Trucks and Buses,54,33,1782
2244,Trucks and Buses,54,36,1944
2245,Trucks and Buses,54,20,1080
2246,Trucks and Buses,54,32,1728
2247,Trucks and Buses,54,36,1944
2248,Trucks and Buses,54,19,1026
2249,Trucks and Buses,54,11,594
2250,Trains,62,49,3038
2251,Trains,62,27,1674
2252,Trains,62,29,1798
2253,Trains,62,42,2604
2254,Trains,62,33,2046
2255,Trains,62,44,2728
2256,Trains,62,22,1364
2257,Trains,62,48,2976
2258,Trains,62,33,2046
2259,Trains,62,45,2790
2260,Trains,62,20,1240
2261,Trains,62,46,2852
2262,Trains,62,40,2480
2263,Trains,62,45,2790
2264,Trains,62,36,2232
2265,Trains,62,31,1922
2266,Trains,62,46,2852
2267,Trains,62,35,2170
2268,Trains,62,28,1736
2269,Trains,62,31,1922
2270,Trains,62,27,1674
2271,Trains,62,22,1364
2272,Trains,62,30,1860
2273,Trains,62,44,2728
2274,Trains,62,30,1860
2275,Trains,62,24,1488
2276,Trucks and Buses,64,45,2880
2277,Trucks and Buses,64,23,1472
2278,Trucks and Buses,64,26,1664
2279,Trucks and Buses,64,28,1792
2280,Trucks and Buses,64,49,3136
2281,Trucks and Buses,64,49,3136
2282,Trucks and Buses,64,29,1856
2283,Trucks and Buses,64,49,3136
2284,Trucks and Buses,64,39,2496
2285,Trucks and Buses,64,36,2304
2286,Trucks and Buses,64,39,2496
2287,Trucks and Buses,64,30,1920
2288,Trucks and Buses,64,44,2816
2289,Trucks and Buses,64,20,1280
2290,Trucks and Buses,64,21,1344
2291,Trucks and Buses,64,36,2304
2292,Trucks and Buses,64,32,2048
2293,Trucks and Buses,64,36,2304
2294,Trucks and Buses,64,34,2176
2295,Trucks and Buses,64,48,3072
2296,Trucks and Buses,64,33,2112
2297,Trucks and Buses,64,31,1984
2298,Trucks and Buses,64,36,2304
2299,Trucks and Buses,64,25,1600
2300,Trucks and Buses,64,48,3072
2301,Trucks and Buses,64,27,1728
2302,Trucks and Buses,64,44,2816
2303,Vintage Cars,68,33,2244
2304,Vintage Cars,68,29,1972
2305,Vintage Cars,68,49,3332
2306,Vintage Cars,68,20,1360
2307,Vintage Cars,68,31,2108
2308,Vintage Cars,68,39,2652
2309,Vintage Cars,68,20,1360
2310,Vintage Cars,68,34,2312
2311,Vintage Cars,68,50,3400
2312,Vintage Cars,68,40,2720
2313,Vintage Cars,68,28,1904
2314,Vintage Cars,68,50,3400
2315,Vintage Cars,68,28,1904
2316,Vintage Cars,68,46,3128
2317,Vintage Cars,68,24,1632
2318,Vintage Cars,68,24,1632
2319,Vintage Cars,68,39,2652
2320,Vintage Cars,68,40,2720
2321,Vintage Cars,68,49,3332
2322,Vintage Cars,68,44,2992
2323,Vintage Cars,68,35,2380
2324,Vintage Cars,68,22,1496
2325,Vintage Cars,68,62,4216
2326,Vintage Cars,68,26,1768
2327,Motorcycles,102,31,3162
2328,Motorcycles,102,25,2550
2329,Motorcycles,102,30,3060
2330,Motorcycles,102,27,2754
2331,Motorcycles,102,23,2346
2332,Motorcycles,102,34,3468
2333,Motorcycles,102,22,2244
2334,Motorcycles,102,42,4284
2335,Motorcycles,102,37,3774
2336,Motorcycles,102,30,3060
2337,Motorcycles,102,27,2754
2338,Motorcycles,102,25,2550
2339,Motorcycles,102,34,3468
2340,Motorcycles,102,38,3876
2341,Motorcycles,102,26,2652
2342,Motorcycles,102,38,3876
2343,Motorcycles,102,50,5100
2344,Motorcycles,102,22,2244
2345,Motorcycles,102,32,3264
2346,Motorcycles,102,31,3162
2347,Motorcycles,102,40,4080
2348,Motorcycles,102,22,2244
2349,Motorcycles,102,41,4182
2350,Motorcycles,102,45,4590
2351,Motorcycles,102,45,4590
2352,Vintage Cars,43,39,1677
2353,Vintage Cars,43,49,2107
2354,Vintage Cars,43,27,1161
2355,Vintage Cars,43,34,1462
2356,Vintage Cars,43,20,860
2357,Vintage Cars,43,48,2064
2358,Vintage Cars,43,29,1247
2359,Vintage Cars,43,43,1849
2360,Vintage Cars,43,41,1763
2361,Vintage Cars,43,41,1763
2362,Vintage Cars,43,36,1548
2363,Vintage Cars,43,49,2107
2364,Vintage Cars,43,38,1634
2365,Vintage Cars,43,33,1419
2366,Vintage Cars,43,26,1118
2367,Vintage Cars,43,47,2021
2368,Vintage Cars,43,34,1462
2369,Vintage Cars,43,34,1462
2370,Vintage Cars,43,40,1720
2371,Vintage Cars,43,40,1720
2372,Vintage Cars,43,33,1419
2373,Vintage Cars,43,49,2107
2374,Vintage Cars,43,27,1161
2375,Vintage Cars,43,49,2107
2376,Vintage Cars,43,56,2408
2377,Vintage Cars,43,37,1591
2378,Trucks and Buses,115,33,3795
2379,Trucks and Buses,115,27,3105
2380,Trucks and Buses,115,46,5290
2381,Trucks and Buses,115,44,5060
2382,Trucks and Buses,115,26,2990
2383,Trucks and Buses,115,48,5520
2384,Trucks and Buses,115,23,2645
2385,Trucks and Buses,115,45,5175
2386,Trucks and Buses,115,49,5635
2387,Trucks and Buses,115,28,3220
2388,Trucks and Buses,115,37,4255
2389,Trucks and Buses,115,34,3910
2390,Trucks and Buses,115,22,2530
2391,Trucks and Buses,115,29,3335
2392,Trucks and Buses,115,34,3910
2393,Trucks and Buses,115,38,4370
2394,Trucks and Buses,115,41,4715
2395,Trucks and Buses,115,42,4830
2396,Trucks and Buses,115,28,3220
2397,Trucks and Buses,115,38,4370
2398,Trucks and Buses,115,23,2645
2399,Trucks and Buses,115,31,3565
2400,Trucks and Buses,115,46,5290
2401,Trucks and Buses,115,48,5520
2402,Trucks and Buses,115,29,3335
2403,Trucks and Buses,115,46,5290
2404,Trucks and Buses,115,26,2990
2405,Trucks and Buses,115,18,2070
2406,Trains,58,32,1856
2407,Trains,58,21,1218
2408,Trains,58,46,2668
2409,Trains,58,42,2436
2410,Trains,58,31,1798
2411,Trains,58,38,2204
2412,Trains,58,38,2204
2413,Trains,58,20,1160
2414,Trains,58,46,2668
2415,Trains,58,30,1740
2416,Trains,58,30,1740
2417,Trains,58,43,2494
2418,Trains,58,49,2842
2419,Trains,58,43,2494
2420,Trains,58,37,2146
2421,Trains,58,35,2030
2422,Trains,58,34,1972
2423,Trains,58,38,2204
2424,Trains,58,44,2552
2425,Trains,58,21,1218
2426,Trains,58,44,2552
2427,Trains,58,25,1450
2428,Trains,58,24,1392
2429,Trains,58,38,2204
2430,Trains,58,45,2610
2431,Trains,58,51,2958
2432,Motorcycles,81,34,2754
2433,Motorcycles,81,44,3564
2434,Motorcycles,81,44,3564
2435,Motorcycles,81,38,3078
2436,Motorcycles,81,31,2511
2437,Motorcycles,81,48,3888
2438,Motorcycles,81,21,1701
2439,Motorcycles,81,40,3240
2440,Motorcycles,81,40,3240
2441,Motorcycles,81,50,4050
2442,Motorcycles,81,20,1620
2443,Motorcycles,81,48,3888
2444,Motorcycles,81,47,3807
2445,Motorcycles,81,21,1701
2446,Motorcycles,81,39,3159
2447,Motorcycles,81,44,3564
2448,Motorcycles,81,28,2268
2449,Motorcycles,81,45,3645
2450,Motorcycles,81,20,1620
2451,Motorcycles,81,38,3078
2452,Motorcycles,81,26,2106
2453,Motorcycles,81,44,3564
2454,Motorcycles,81,49,3969
2455,Motorcycles,81,22,1782
2456,Motorcycles,81,31,2511
2457,Ships,66,41,2706
2458,Ships,66,25,1650
2459,Ships,66,31,2046
2460,Ships,66,41,2706
2461,Ships,66,43,2838
2462,Ships,66,43,2838
2463,Ships,66,24,1584
2464,Ships,66,21,1386
2465,Ships,66,23,1518
2466,Ships,66,38,2508
2467,Ships,66,31,2046
2468,Ships,66,36,2376
2469,Ships,66,36,2376
2470,Ships,66,34,2244
2471,Ships,66,21,1386
2472,Ships,66,45,2970
2473,Ships,66,26,1716
2474,Ships,66,50,3300
2475,Ships,66,41,2706
2476,Ships,66,39,2574
2477,Ships,66,22,1452
2478,Ships,66,46,3036
2479,Ships,66,44,2904
2480,Ships,66,25,1650
2481,Ships,66,39,2574
2482,Ships,66,37,2442
2483,Planes,91,31,2821
2484,Planes,91,47,4277
2485,Planes,91,24,2184
2486,Planes,91,36,3276
2487,Planes,91,48,4368
2488,Planes,91,28,2548
2489,Planes,91,48,4368
2490,Planes,91,21,1911
2491,Planes,91,25,2275
2492,Planes,91,25,2275
2493,Planes,91,31,2821
2494,Planes,91,40,3640
2495,Planes,91,32,2912
2496,Planes,91,24,2184
2497,Planes,91,42,3822
2498,Planes,91,21,1911
2499,Planes,91,34,3094
2500,Planes,91,27,2457
2501,Planes,91,30,2730
2502,Planes,91,39,3549
2503,Planes,91,20,1820
2504,Planes,91,37,3367
2505,Planes,91,46,4186
2506,Planes,91,47,4277
2507,Planes,91,11,1001
2508,Planes,91,23,2093
2509,Ships,86,29,2494
2510,Ships,86,38,3268
2511,Ships,86,32,2752
2512,Ships,86,43,3698
2513,Ships,86,31,2666
2514,Ships,86,29,2494
2515,Ships,86,31,2666
2516,Ships,86,30,2580
2517,Ships,86,50,4300
2518,Ships,86,40,3440
2519,Ships,86,23,1978
2520,Ships,86,26,2236
2521,Ships,86,40,3440
2522,Ships,86,21,1806
2523,Ships,86,43,3698
2524,Ships,86,29,2494
2525,Ships,86,38,3268
2526,Ships,86,23,1978
2527,Ships,86,20,1720
2528,Ships,86,36,3096
2529,Ships,86,28,2408
2530,Ships,86,44,3784
2531,Ships,86,49,4214
2532,Ships,86,32,2752
2533,Ships,86,34,2924
2534,Ships,90,30,2700
2535,Ships,90,29,2610
2536,Ships,90,22,1980
2537,Ships,90,26,2340
2538,Ships,90,32,2880
2539,Ships,90,29,2610
2540,Ships,90,34,3060
2541,Ships,90,24,2160
2542,Ships,90,24,2160
2543,Ships,90,33,2970
2544,Ships,90,26,2340
2545,Ships,90,40,3600
2546,Ships,90,44,3960
2547,Ships,90,24,2160
2548,Ships,90,20,1800
2549,Ships,90,34,3060
2550,Ships,90,34,3060
2551,Ships,90,45,4050
2552,Ships,90,41,3690
2553,Ships,90,55,4950
2554,Ships,90,23,2070
2555,Ships,90,24,2160
2556,Ships,90,32,2880
2557,Ships,90,29,2610
2558,Ships,90,36,3240
2559,Ships,90,46,4140
2560,Ships,90,32,2880
2561,Planes,99,34,3366
2562,Planes,99,24,2376
2563,Planes,99,40,3960
2564,Planes,99,26,2574
2565,Planes,99,20,1980
2566,Planes,99,31,3069
2567,Planes,99,22,2178
2568,Planes,99,42,4158
2569,Planes,99,26,2574
2570,Planes,99,37,3663
2571,Planes,99,38,3762
2572,Planes,99,35,3465
2573,Planes,99,33,3267
2574,Planes,99,39,3861
2575,Planes,99,45,4455
2576,Planes,99,24,2376
2577,Planes,99,35,3465
2578,Planes,99,23,2277
2579,Planes,99,37,3663
2580,Planes,99,55,5445
2581,Planes,99,49,4851
2582,Planes,99,26,2574
2583,Planes,99,33,3267
2584,Planes,99,37,3663
2585,Planes,99,22,2178
2586,Planes,99,85,8415
2587,Planes,99,22,2178
2588,Ships,72,31,2232
2589,Ships,72,38,2736
2590,Ships,72,45,3240
2591,Ships,72,31,2232
2592,Ships,72,36,2592
2593,Ships,72,46,3312
2594,Ships,72,32,2304
2595,Ships,72,39,2808
2596,Ships,72,50,3600
2597,Ships,72,46,3312
2598,Ships,72,36,2592
2599,Ships,72,29,2088
2600,Ships,72,32,2304
2601,Ships,72,44,3168
2602,Ships,72,42,3024
2603,Ships,72,47,3384
2604,Ships,72,44,3168
2605,Ships,72,43,3096
2606,Ships,72,48,3456
2607,Ships,72,21,1512
2608,Ships,72,50,3600
2609,Ships,72,29,2088
2610,Ships,72,41,2952
2611,Ships,72,37,2664
2612,Ships,72,22,1584
2613,Ships,72,31,2232
2614,Classic Cars,101,42,4242
2615,Classic Cars,101,42,4242
2616,Classic Cars,101,45,4545
2617,Classic Cars,101,36,3636
2618,Classic Cars,101,20,2020
2619,Classic Cars,101,39,3939
2620,Classic Cars,101,42,4242
2621,Classic Cars,101,23,2323
2622,Classic Cars,101,26,2626
2623,Classic Cars,101,33,3333
2624,Classic Cars,101,31,3131
2625,Classic Cars,101,50,5050
2626,Classic Cars,101,44,4444
2627,Classic Cars,101,45,4545
2628,Classic Cars,101,46,4646
2629,Classic Cars,101,27,2727
2630,Classic Cars,101,28,2828
2631,Classic Cars,101,40,4040
2632,Classic Cars,101,30,3030
2633,Classic Cars,101,34,3434
2634,Classic Cars,101,46,4646
2635,Classic Cars,101,32,3232
2636,Classic Cars,101,27,2727
2637,Classic Cars,101,34,3434
2638,Classic Cars,101,34,3434
2639,Classic Cars,101,34,3434
2640,Classic Cars,101,46,4646
2641,Planes,118,32,3776
2642,Planes,118,24,2832
2643,Planes,118,27,3186
2644,Planes,118,20,2360
2645,Planes,118,36,4248
2646,Planes,118,29,3422
2647,Planes,118,25,2950
2648,Planes,118,29,3422
2649,Planes,118,25,2950
2650,Planes,118,44,5192
2651,Planes,118,47,5546
2652,Planes,118,48,5664
2653,Planes,118,45,5310
2654,Planes,118,35,4130
2655,Planes,118,31,3658
2656,Planes,118,50,5900
2657,Planes,118,33,3894
2658,Planes,118,29,3422
2659,Planes,118,48,5664
2660,Planes,118,44,5192
2661,Planes,118,25,2950
2662,Planes,118,50,5900
2663,Planes,118,23,2714
2664,Planes,118,21,2478
2665,Planes,118,41,4838
2666,Planes,80,44,3520
2667,Planes,80,43,3440
2668,Planes,80,28,2240
2669,Planes,80,43,3440
2670,Planes,80,48,3840
2671,Planes,80,38,3040
2672,Planes,80,31,2480
2673,Planes,80,26,2080
2674,Planes,80,32,2560
2675,Planes,80,44,3520
2676,Planes,80,27,2160
2677,Planes,80,43,3440
2678,Planes,80,25,2000
2679,Planes,80,22,1760
2680,Planes,80,21,1680
2681,Planes,80,48,3840
2682,Planes,80,33,2640
2683,Planes,80,34,2720
2684,Planes,80,43,3440
2685,Planes,80,44,3520
2686,Planes,80,44,3520
2687,Planes,80,32,2560
2688,Planes,80,29,2320
2689,Planes,80,77,6160
2690,Planes,80,39,3120
2691,Ships,100,39,3900
2692,Ships,100,36,3600
2693,Ships,100,42,4200
2694,Ships,100,21,2100
2695,Ships,100,50,5000
2696,Ships,100,24,2400
2697,Ships,100,44,4400
2698,Ships,100,37,3700
2699,Ships,100,27,2700
2700,Ships,100,37,3700
2701,Ships,100,38,3800
2702,Ships,100,48,4800
2703,Ships,100,30,3000
2704,Ships,100,25,2500
2705,Ships,100,40,4000
2706,Ships,100,22,2200
2707,Ships,100,34,3400
2708,Ships,100,32,3200
2709,Ships,100,31,3100
2710,Ships,100,43,4300
2711,Ships,100,31,3100
2712,Ships,100,31,3100
2713,Ships,100,34,3400
2714,Ships,100,45,4500
2715,Ships,100,48,4800
2716,Ships,100,28,2800
2717,Ships,99,22,2178
2718,Ships,99,45,4455
2719,Ships,99,30,2970
2720,Ships,99,38,3762
2721,Ships,99,20,1980
2722,Ships,99,28,2772
2723,Ships,99,24,2376
2724,Ships,99,22,2178
2725,Ships,99,35,3465
2726,Ships,99,33,3267
2727,Ships,99,31,3069
2728,Ships,99,35,3465
2729,Ships,99,35,3465
2730,Ships,99,50,4950
2731,Ships,99,26,2574
2732,Ships,99,38,3762
2733,Ships,99,45,4455
2734,Ships,99,30,2970
2735,Ships,99,37,3663
2736,Ships,99,37,3663
2737,Ships,99,36,3564
2738,Ships,99,25,2475
2739,Ships,99,37,3663
2740,Ships,99,30,2970
2741,Ships,99,36,3564
2742,Ships,99,27,2673
2743,Planes,74,48,3552
2744,Planes,74,26,1924
2745,Planes,74,26,1924
2746,Planes,74,34,2516
2747,Planes,74,44,3256
2748,Planes,74,39,2886
2749,Planes,74,45,3330
2750,Planes,74,40,2960
2751,Planes,74,42,3108
2752,Planes,74,43,3182
2753,Planes,74,34,2516
2754,Planes,74,38,2812
2755,Planes,74,35,2590
2756,Planes,74,31,2294
2757,Planes,74,32,2368
2758,Planes,74,47,3478
2759,Planes,74,39,2886
2760,Planes,74,44,3256
2761,Planes,74,39,2886
2762,Planes,74,50,3700
2763,Planes,74,22,1628
2764,Planes,74,35,2590
2765,Planes,74,45,3330
2766,Planes,74,44,3256
2767,Planes,74,36,2664
2768,Planes,74,28,2072
2769,Planes,74,43,3182
2770,Planes,49,48,2352
2771,Planes,49,28,1372
2772,Planes,49,21,1029
2773,Planes,49,37,1813
2774,Planes,49,34,1666
2775,Planes,49,40,1960
2776,Planes,49,45,2205
2777,Planes,49,28,1372
2778,Planes,49,29,1421
2779,Planes,49,48,2352
2780,Planes,49,31,1519
2781,Planes,49,32,1568
2782,Planes,49,21,1029
2783,Planes,49,32,1568
2784,Planes,49,43,2107
2785,Planes,49,21,1029
2786,Planes,49,34,1666
2787,Planes,49,34,1666
2788,Planes,49,44,2156
2789,Planes,49,27,1323
2790,Planes,49,49,2401
2791,Planes,49,23,1127
2792,Planes,49,25,1225
2793,Planes,49,50,2450
2794,Planes,49,34,1666
2795,Planes,49,20,980
2796,Planes,49,42,2058
2797,Ships,54,25,1350
2798,Ships,54,50,2700
2799,Ships,54,32,1728
2800,Ships,54,39,2106
2801,Ships,54,50,2700
2802,Ships,54,38,2052
2803,Ships,54,40,2160
2804,Ships,54,28,1512
2805,Ships,54,42,2268
2806,Ships,54,42,2268
2807,Ships,54,36,1944
2808,Ships,54,24,1296
2809,Ships,54,23,1242
2810,Ships,54,29,1566
2811,Ships,54,37,1998
2812,Ships,54,33,1782
2813,Ships,54,32,1728
2814,Ships,54,35,1890
2815,Ships,54,40,2160
2816,Ships,54,37,1998
2817,Ships,54,42,2268
2818,Ships,54,20,1080
2819,Ships,54,29,1566
2820,Ships,54,43,2322
2821,Ships,54,34,1836
2822,Ships,54,47,2538
